,Epoch,Client_id,Class_id,Label_num,Test_acc,Test_loss,Comsume_time
0,0,0,7,48,0.0,0.16159917414188385,27.20212483406067
1,0,0,4,101,0.13861386138613863,0.05502906069159508,27.20212483406067
2,0,0,6,13,0.0,0.5313591957092285,27.20212483406067
3,0,0,1,77,0.0,0.0640377625823021,27.20212483406067
4,0,0,8,67,0.0,0.07458273321390152,27.20212483406067
5,0,0,2,30,0.0,0.43143272399902344,27.20212483406067
6,0,0,5,21,0.0,0.47987526655197144,27.20212483406067
7,0,0,3,15,0.0,0.32848477363586426,27.20212483406067
8,0,1,3,40,0.825,0.011603299528360367,27.20212483406067
9,0,1,5,124,0.8709677419354839,0.002359438221901655,27.20212483406067
10,0,1,2,68,0.7205882352941176,0.013707546517252922,27.20212483406067
11,0,1,0,127,0.8110236220472441,0.0052346778102219105,27.20212483406067
12,0,1,4,13,0.7692307692307693,0.0549730584025383,27.20212483406067
13,0,1,1,3,1.0,0.009851058945059776,27.20212483406067
14,0,2,3,53,0.8679245283018868,0.009408676996827126,27.20212483406067
15,0,2,2,134,0.7313432835820896,0.006094287149608135,27.20212483406067
16,0,2,8,114,0.8859649122807017,0.004431398119777441,27.20212483406067
17,0,2,5,31,0.967741935483871,0.0045798830687999725,27.20212483406067
18,0,2,1,21,0.9523809523809523,0.00469258101657033,27.20212483406067
19,0,2,4,8,1.0,0.07159556448459625,27.20212483406067
20,0,2,7,21,0.9047619047619048,0.016140738502144814,27.20212483406067
21,0,2,0,12,1.0,0.01514295395463705,27.20212483406067
22,0,2,6,4,0.5,0.3149473965167999,27.20212483406067
23,0,3,1,95,0.9789473684210527,0.0007941349758766592,27.20212483406067
24,0,3,5,2,1.0,0.17742358148097992,27.20212483406067
25,0,3,8,47,0.9148936170212766,0.00756846135482192,27.20212483406067
26,0,3,2,3,0.6666666666666666,0.3380810618400574,27.20212483406067
27,0,3,0,3,0.6666666666666666,0.5209186673164368,27.20212483406067
28,0,3,7,8,0.875,0.04498305171728134,27.20212483406067
29,0,3,9,5,0.8,0.07721370458602905,27.20212483406067
30,0,3,4,9,0.6666666666666666,0.08731523901224136,27.20212483406067
31,0,3,6,1,0.0,0.9681044816970825,27.20212483406067
32,0,3,3,2,1.0,0.15832661092281342,27.20212483406067
33,0,4,9,40,0.85,0.010834312997758389,27.20212483406067
34,0,4,6,63,0.12698412698412698,0.024601910263299942,27.20212483406067
35,0,4,8,22,0.8181818181818182,0.02502184547483921,27.20212483406067
36,0,4,4,57,0.6140350877192983,0.01626979000866413,27.20212483406067
37,0,4,5,75,0.8933333333333333,0.0038109510205686092,27.20212483406067
38,0,4,0,34,0.8235294117647058,0.024419056251645088,27.20212483406067
39,0,4,7,16,0.9375,0.01716982200741768,27.20212483406067
40,0,4,3,13,0.6153846153846154,0.06015699729323387,27.20212483406067
41,0,4,1,5,1.0,0.006271251942962408,27.20212483406067
42,0,4,2,3,0.6666666666666666,0.18173286318778992,27.20212483406067
43,0,5,4,38,0.7894736842105263,0.018515221774578094,27.20212483406067
44,0,5,1,59,0.9491525423728814,0.0034994357265532017,27.20212483406067
45,0,5,6,19,0.21052631578947367,0.09321374446153641,27.20212483406067
46,0,5,9,70,0.8428571428571429,0.006195520982146263,27.20212483406067
47,0,5,5,60,0.8666666666666667,0.007457072380930185,27.20212483406067
48,0,5,0,26,0.7692307692307693,0.02839152328670025,27.20212483406067
49,0,5,3,10,1.0,0.038814935833215714,27.20212483406067
50,0,5,2,17,0.7647058823529411,0.05894528329372406,27.20212483406067
51,0,5,7,23,0.9130434782608695,0.011864555068314075,27.20212483406067
52,0,5,8,5,1.0,0.042562875896692276,27.20212483406067
53,0,6,3,36,0.8055555555555556,0.015947554260492325,27.20212483406067
54,0,6,1,65,0.8769230769230769,0.006833437364548445,27.20212483406067
55,0,6,0,36,0.8333333333333334,0.014304944314062595,27.20212483406067
56,0,6,5,88,0.8636363636363636,0.003502683946862817,27.20212483406067
57,0,6,7,103,0.8737864077669902,0.004040618427097797,27.20212483406067
58,0,6,2,22,0.5909090909090909,0.04721604660153389,27.20212483406067
59,0,6,4,10,0.7,0.06649868935346603,27.20212483406067
60,0,7,6,36,0.16666666666666666,0.05295396223664284,27.20212483406067
61,0,7,1,113,0.8849557522123894,0.002762129530310631,27.20212483406067
62,0,7,8,150,0.8733333333333333,0.002933329436928034,27.20212483406067
63,0,7,0,41,0.6585365853658537,0.027304455637931824,27.20212483406067
64,0,7,4,4,0.5,0.21466445922851562,27.20212483406067
65,0,7,7,21,0.6666666666666666,0.03005916252732277,27.20212483406067
66,0,7,3,10,0.9,0.039850253611803055,27.20212483406067
67,0,7,2,4,1.0,0.22975817322731018,27.20212483406067
68,0,7,5,4,0.75,0.07292380183935165,27.20212483406067
69,0,8,4,112,0.7857142857142857,0.006983616854995489,27.20212483406067
70,0,8,0,75,0.7866666666666666,0.007993858307600021,27.20212483406067
71,0,8,3,13,0.8461538461538461,0.04935798421502113,27.20212483406067
72,0,8,7,65,0.8615384615384616,0.006105791311711073,27.20212483406067
73,0,8,5,21,0.9523809523809523,0.010448689572513103,27.20212483406067
74,0,8,2,41,0.7073170731707317,0.025533821433782578,27.20212483406067
75,0,8,8,8,0.875,0.06712719053030014,27.20212483406067
76,0,8,1,12,0.9166666666666666,0.0344843752682209,27.20212483406067
77,0,8,6,2,0.5,0.665224552154541,27.20212483406067
78,0,9,5,75,0.8266666666666667,0.007401664275676012,27.20212483406067
79,0,9,7,99,0.8484848484848485,0.005168306641280651,27.20212483406067
80,0,9,0,27,0.8518518518518519,0.022194698452949524,27.20212483406067
81,0,9,1,32,0.875,0.015942063182592392,27.20212483406067
82,0,9,6,30,0.13333333333333333,0.05546525865793228,27.20212483406067
83,0,9,2,23,0.6086956521739131,0.047211259603500366,27.20212483406067
84,0,9,8,3,1.0,0.02302895300090313,27.20212483406067
85,0,9,4,16,0.6875,0.048683736473321915,27.20212483406067
86,0,9,9,8,0.875,0.09622737020254135,27.20212483406067
87,0,9,3,2,1.0,0.07159711420536041,27.20212483406067
88,0,10,5,23,0.9565217391304348,0.008439515717327595,27.20212483406067
89,0,10,3,32,0.78125,0.022408483549952507,27.20212483406067
90,0,10,7,131,0.8473282442748091,0.003353686071932316,27.20212483406067
91,0,10,6,57,0.10526315789473684,0.03074357844889164,27.20212483406067
92,0,10,0,9,0.5555555555555556,0.11611848324537277,27.20212483406067
93,0,10,1,73,0.8767123287671232,0.005571182817220688,27.20212483406067
94,0,10,4,38,0.5789473684210527,0.026122529059648514,27.20212483406067
95,0,10,2,8,0.75,0.11879054456949234,27.20212483406067
96,0,11,5,77,0.8571428571428571,0.0057997871190309525,27.20212483406067
97,0,11,9,48,0.9583333333333334,0.004538333043456078,27.20212483406067
98,0,11,8,34,0.9411764705882353,0.008153146132826805,27.20212483406067
99,0,11,3,60,0.8166666666666667,0.01109908614307642,27.20212483406067
100,0,11,7,30,0.9333333333333333,0.008999444544315338,27.20212483406067
101,0,11,4,4,1.0,0.0754711851477623,27.20212483406067
102,0,11,0,16,0.9375,0.03231023997068405,27.20212483406067
103,0,11,6,4,0.0,0.354716956615448,27.20212483406067
104,0,11,2,3,0.6666666666666666,0.4700896441936493,27.20212483406067
105,0,12,1,70,0.9571428571428572,0.0018022479489445686,27.20212483406067
106,0,12,2,52,0.75,0.020276496186852455,27.20212483406067
107,0,12,6,53,0.1320754716981132,0.03452878072857857,27.20212483406067
108,0,12,9,58,0.8103448275862069,0.006367912050336599,27.20212483406067
109,0,12,3,24,0.875,0.012969224713742733,27.20212483406067
110,0,12,4,3,0.3333333333333333,0.5665426254272461,27.20212483406067
111,0,12,5,40,0.8,0.011109849438071251,27.20212483406067
112,0,12,8,27,0.8148148148148148,0.021033581346273422,27.20212483406067
113,0,12,7,10,1.0,0.0254343394190073,27.20212483406067
114,0,12,0,3,1.0,0.1461271047592163,27.20212483406067
115,0,13,5,35,0.8857142857142857,0.009505944326519966,27.20212483406067
116,0,13,9,128,0.859375,0.0036986737977713346,27.20212483406067
117,0,13,6,34,0.058823529411764705,0.05230797082185745,27.20212483406067
118,0,13,8,33,0.8787878787878788,0.013557736761868,27.20212483406067
119,0,13,4,6,0.6666666666666666,0.15902340412139893,27.20212483406067
120,0,13,1,5,0.8,0.04822457954287529,27.20212483406067
121,0,13,0,10,0.9,0.039490845054388046,27.20212483406067
122,0,13,3,8,0.625,0.18277281522750854,27.20212483406067
123,0,13,2,7,0.8571428571428571,0.09951180964708328,27.20212483406067
124,0,13,7,2,0.5,0.2573224604129791,27.20212483406067
125,0,14,7,42,0.9047619047619048,0.00755617581307888,27.20212483406067
126,0,14,3,122,0.8442622950819673,0.004062614869326353,27.20212483406067
127,0,14,6,65,0.09230769230769231,0.02739301696419716,27.20212483406067
128,0,14,0,40,0.775,0.013943830505013466,27.20212483406067
129,0,14,2,11,0.6363636363636364,0.07929223775863647,27.20212483406067
130,0,14,1,14,0.8571428571428571,0.017536889761686325,27.20212483406067
131,0,14,5,67,0.9253731343283582,0.0038451910950243473,27.20212483406067
132,0,14,4,6,0.3333333333333333,0.19364874064922333,27.20212483406067
133,0,15,8,82,0.9146341463414634,0.003849478904157877,27.20212483406067
134,0,15,9,221,0.8280542986425339,0.0020287097431719303,27.20212483406067
135,0,15,6,156,0.14743589743589744,0.010654952377080917,27.20212483406067
136,0,15,4,29,0.7241379310344828,0.028858428820967674,27.20212483406067
137,0,15,0,29,0.7241379310344828,0.02859625034034252,27.20212483406067
138,0,15,3,22,0.7727272727272727,0.025788497179746628,27.20212483406067
139,0,15,5,7,0.8571428571428571,0.0366138219833374,27.20212483406067
140,0,15,7,16,0.9375,0.023881524801254272,27.20212483406067
141,0,15,2,7,0.8571428571428571,0.08949421346187592,27.20212483406067
142,0,15,1,7,1.0,0.0009760706452652812,27.20212483406067
143,0,16,4,51,0.7254901960784313,0.014344020746648312,27.20212483406067
144,0,16,3,31,0.7096774193548387,0.028048284351825714,27.20212483406067
145,0,16,0,34,0.7941176470588235,0.02148684486746788,27.20212483406067
146,0,16,7,243,0.8724279835390947,0.001679056789726019,27.20212483406067
147,0,16,6,28,0.07142857142857142,0.05888204276561737,27.20212483406067
148,0,16,5,55,0.8727272727272727,0.007696356158703566,27.20212483406067
149,0,16,2,13,0.5384615384615384,0.08171886950731277,27.20212483406067
150,0,16,1,5,1.0,0.0019257031381130219,27.20212483406067
151,0,17,9,147,0.8027210884353742,0.003253484144806862,27.20212483406067
152,0,17,3,55,0.7636363636363637,0.010468462482094765,27.20212483406067
153,0,17,4,26,0.7692307692307693,0.03298366069793701,27.20212483406067
154,0,17,6,20,0.2,0.08292074501514435,27.20212483406067
155,0,17,2,22,0.6818181818181818,0.03905119374394417,27.20212483406067
156,0,17,1,28,0.9285714285714286,0.010427656583487988,27.20212483406067
157,0,17,5,18,0.8333333333333334,0.027384940534830093,27.20212483406067
158,0,17,0,17,0.7647058823529411,0.04661545902490616,27.20212483406067
159,0,17,8,5,1.0,0.0929662361741066,27.20212483406067
160,0,18,2,27,0.6666666666666666,0.03378073126077652,27.20212483406067
161,0,18,0,104,0.8461538461538461,0.005179399624466896,27.20212483406067
162,0,18,7,28,0.9642857142857143,0.009165387600660324,27.20212483406067
163,0,18,8,107,0.8598130841121495,0.004200857598334551,27.20212483406067
164,0,18,3,15,0.9333333333333333,0.02590724639594555,27.20212483406067
165,0,18,1,34,0.9411764705882353,0.0038672853261232376,27.20212483406067
166,0,18,9,23,0.9565217391304348,0.009767364710569382,27.20212483406067
167,0,18,6,5,0.4,0.2647242546081543,27.20212483406067
168,0,18,4,14,0.5,0.06866598129272461,27.20212483406067
169,0,19,1,29,0.896551724137931,0.016872547566890717,27.20212483406067
170,0,19,7,73,0.8767123287671232,0.004930540453642607,27.20212483406067
171,0,19,2,23,0.6956521739130435,0.04010374844074249,27.20212483406067
172,0,19,0,22,0.8636363636363636,0.024168217554688454,27.20212483406067
173,0,19,9,34,0.6764705882352942,0.018790293484926224,27.20212483406067
174,0,19,5,27,0.9259259259259259,0.009476600214838982,27.20212483406067
175,0,19,3,37,0.8378378378378378,0.016315177083015442,27.20212483406067
176,0,19,6,3,0.3333333333333333,0.524002194404602,27.20212483406067
177,0,19,8,15,0.9333333333333333,0.02318350039422512,27.20212483406067
178,0,19,4,12,0.75,0.078960120677948,27.20212483406067
179,0,20,2,134,0.6343283582089553,0.007217812351882458,27.20212483406067
180,0,20,7,73,0.8493150684931506,0.0058652907609939575,27.20212483406067
181,0,20,4,12,0.5833333333333334,0.07105358690023422,27.20212483406067
182,0,20,8,86,0.872093023255814,0.00555055309087038,27.20212483406067
183,0,20,6,30,0.1,0.05941106006503105,27.20212483406067
184,0,20,3,20,0.9,0.020923813804984093,27.20212483406067
185,0,20,1,4,1.0,0.00676525104790926,27.20212483406067
186,0,20,5,29,0.7931034482758621,0.023673489689826965,27.20212483406067
187,0,20,0,14,0.9285714285714286,0.03151525557041168,27.20212483406067
188,0,21,4,40,0.6,0.023720460012555122,27.20212483406067
189,0,21,9,18,0.8333333333333334,0.02313385345041752,27.20212483406067
190,0,21,5,57,0.8947368421052632,0.00503872474655509,27.20212483406067
191,0,21,8,9,1.0,0.036144692450761795,27.20212483406067
192,0,21,7,41,0.7804878048780488,0.01075423788279295,27.20212483406067
193,0,21,6,41,0.1951219512195122,0.041147809475660324,27.20212483406067
194,0,21,3,4,0.5,0.24259240925312042,27.20212483406067
195,0,21,2,22,0.8181818181818182,0.038219161331653595,27.20212483406067
196,0,21,0,29,0.8275862068965517,0.017080478370189667,27.20212483406067
197,0,21,1,63,0.9206349206349206,0.0039710672572255135,27.20212483406067
198,0,22,3,84,0.7261904761904762,0.008853437379002571,27.20212483406067
199,0,22,5,100,0.9,0.0033097120467573404,27.20212483406067
200,0,22,2,42,0.7619047619047619,0.02253613993525505,27.20212483406067
201,0,22,4,24,0.5833333333333334,0.03672720491886139,27.20212483406067
202,0,22,6,43,0.27906976744186046,0.03768576309084892,27.20212483406067
203,0,22,1,17,0.9411764705882353,0.006010317709296942,27.20212483406067
204,0,22,7,36,0.8888888888888888,0.011095325462520123,27.20212483406067
205,0,22,0,4,1.0,0.021343545988202095,27.20212483406067
206,0,23,8,59,0.8983050847457628,0.008387792855501175,27.20212483406067
207,0,23,4,142,0.6690140845070423,0.006449310574680567,27.20212483406067
208,0,23,2,37,0.5945945945945946,0.03083602525293827,27.20212483406067
209,0,23,5,7,0.8571428571428571,0.040787048637866974,27.20212483406067
210,0,23,1,23,0.8695652173913043,0.011069879867136478,27.20212483406067
211,0,23,6,12,0.25,0.13560354709625244,27.20212483406067
212,0,23,3,13,0.9230769230769231,0.034210480749607086,27.20212483406067
213,0,23,0,8,0.625,0.09553030133247375,27.20212483406067
214,0,23,9,2,1.0,0.029426654800772667,27.20212483406067
215,0,23,7,1,0.0,1.5630241632461548,27.20212483406067
216,0,24,4,30,0.6666666666666666,0.02842346765100956,27.20212483406067
217,0,24,0,4,1.0,0.051862165331840515,27.20212483406067
218,0,24,8,77,0.8311688311688312,0.007778620347380638,27.20212483406067
219,0,24,6,12,0.16666666666666666,0.11907526850700378,27.20212483406067
220,0,24,9,68,0.7352941176470589,0.008113645948469639,27.20212483406067
221,0,24,1,44,0.8636363636363636,0.01444708276540041,27.20212483406067
222,0,24,2,25,0.6,0.038930024951696396,27.20212483406067
223,0,24,5,64,0.875,0.005817881785333157,27.20212483406067
224,0,24,7,47,0.8723404255319149,0.008086809888482094,27.20212483406067
225,0,24,3,7,0.7142857142857143,0.09082970768213272,27.20212483406067
226,0,25,3,36,0.7777777777777778,0.01663542166352272,27.20212483406067
227,0,25,8,155,0.8516129032258064,0.002949401270598173,27.20212483406067
228,0,25,6,30,0.13333333333333333,0.054030247032642365,27.20212483406067
229,0,25,0,21,0.8095238095238095,0.027226902544498444,27.20212483406067
230,0,25,5,6,1.0,0.01912863925099373,27.20212483406067
231,0,25,9,40,0.925,0.007701760623604059,27.20212483406067
232,0,25,2,15,0.7333333333333333,0.052983108907938004,27.20212483406067
233,0,25,4,5,0.6,0.16818104684352875,27.20212483406067
234,0,25,1,2,1.0,0.00045338773634284735,27.20212483406067
235,0,25,7,3,1.0,0.02862570807337761,27.20212483406067
236,0,26,1,78,0.8974358974358975,0.004210737068206072,27.20212483406067
237,0,26,0,28,0.7142857142857143,0.03050290420651436,27.20212483406067
238,0,26,4,36,0.8333333333333334,0.018405335023999214,27.20212483406067
239,0,26,3,174,0.8218390804597702,0.003392547369003296,27.20212483406067
240,0,26,2,35,0.7714285714285715,0.023849697783589363,27.20212483406067
241,0,27,4,71,0.7183098591549296,0.011732266284525394,27.20212483406067
242,0,27,9,61,0.8852459016393442,0.005742938257753849,27.20212483406067
243,0,27,5,30,0.7666666666666667,0.018748898059129715,27.20212483406067
244,0,27,2,10,0.7,0.0797981470823288,27.20212483406067
245,0,27,0,13,0.6923076923076923,0.05984025448560715,27.20212483406067
246,0,27,1,11,1.0,0.00038718475843779743,27.20212483406067
247,0,27,7,6,1.0,0.04724418744444847,27.20212483406067
248,0,27,3,18,0.7222222222222222,0.04796687886118889,27.20212483406067
249,0,27,6,11,0.09090909090909091,0.19340600073337555,27.20212483406067
250,0,27,8,1,1.0,0.17959754168987274,27.20212483406067
251,0,28,0,99,0.7878787878787878,0.007509931921958923,27.20212483406067
252,0,28,6,186,0.13440860215053763,0.00914668757468462,27.20212483406067
253,0,28,3,27,0.8148148148148148,0.021764002740383148,27.20212483406067
254,0,28,1,2,0.5,0.2316705286502838,27.20212483406067
255,0,28,2,24,0.5416666666666666,0.03894135355949402,27.20212483406067
256,0,28,5,7,0.5714285714285714,0.14689528942108154,27.20212483406067
257,0,28,4,6,0.6666666666666666,0.13392579555511475,27.20212483406067
258,0,29,0,94,0.7446808510638298,0.009985401295125484,27.20212483406067
259,0,29,5,35,0.8857142857142857,0.009012935683131218,27.20212483406067
260,0,29,4,67,0.6865671641791045,0.012329448014497757,27.20212483406067
261,0,29,7,11,0.9090909090909091,0.048036739230155945,27.20212483406067
262,0,29,1,62,0.9838709677419355,0.0016512279398739338,27.20212483406067
263,0,29,8,67,0.8955223880597015,0.005828147754073143,27.20212483406067
264,0,29,6,20,0.15,0.08767471462488174,27.20212483406067
265,0,29,2,14,0.8571428571428571,0.04812801629304886,27.20212483406067
266,0,29,3,13,0.6153846153846154,0.06810952723026276,27.20212483406067
267,0,30,5,36,0.8888888888888888,0.007827048189938068,27.20212483406067
268,0,30,8,50,0.84,0.011382536962628365,27.20212483406067
269,0,30,2,15,0.8666666666666667,0.06743144243955612,27.20212483406067
270,0,30,6,46,0.043478260869565216,0.03837696090340614,27.20212483406067
271,0,30,1,10,1.0,0.0017709651729092002,27.20212483406067
272,0,30,7,15,0.7333333333333333,0.05802028626203537,27.20212483406067
273,0,30,0,2,0.0,1.6088817119598389,27.20212483406067
274,0,30,3,6,0.8333333333333334,0.08395310491323471,27.20212483406067
275,0,30,9,2,0.5,0.2511290907859802,27.20212483406067
276,0,31,6,31,0.16129032258064516,0.053905244916677475,27.20212483406067
277,0,31,8,95,0.9052631578947369,0.004638700280338526,27.20212483406067
278,0,31,9,225,0.84,0.0019445691723376513,27.20212483406067
279,0,31,7,36,0.8888888888888888,0.008955520577728748,27.20212483406067
280,0,31,4,27,0.6666666666666666,0.02807917259633541,27.20212483406067
281,0,31,3,28,0.9285714285714286,0.014577219262719154,27.20212483406067
282,0,31,2,8,0.5,0.15970434248447418,27.20212483406067
283,0,31,5,37,0.8648648648648649,0.007996002212166786,27.20212483406067
284,0,31,0,7,0.7142857142857143,0.1714596152305603,27.20212483406067
285,0,31,1,2,1.0,0.03024621494114399,27.20212483406067
286,0,32,5,148,0.8716216216216216,0.0025106193497776985,27.20212483406067
287,0,32,1,67,0.9552238805970149,0.0020961544942110777,27.20212483406067
288,0,32,4,59,0.6440677966101694,0.01569664664566517,27.20212483406067
289,0,32,3,20,0.8,0.041085612028837204,27.20212483406067
290,0,32,0,12,1.0,0.015897151082754135,27.20212483406067
291,0,32,2,86,0.6046511627906976,0.012111831456422806,27.20212483406067
292,0,33,7,108,0.8703703703703703,0.004031699150800705,27.20212483406067
293,0,33,0,52,0.8076923076923077,0.01577167771756649,27.20212483406067
294,0,33,6,20,0.25,0.07856332510709763,27.20212483406067
295,0,33,1,26,0.8846153846153846,0.02544541470706463,27.20212483406067
296,0,33,5,63,0.9047619047619048,0.004829229321330786,27.20212483406067
297,0,33,2,34,0.6176470588235294,0.03491196781396866,27.20212483406067
298,0,33,4,63,0.7301587301587301,0.010601871646940708,27.20212483406067
299,0,33,3,59,0.864406779661017,0.008014821447432041,27.20212483406067
300,0,34,1,113,0.9380530973451328,0.001722128945402801,27.20212483406067
301,0,34,3,19,0.6842105263157895,0.033885449171066284,27.20212483406067
302,0,34,9,51,0.8235294117647058,0.008529813028872013,27.20212483406067
303,0,34,7,60,0.8333333333333334,0.008883900940418243,27.20212483406067
304,0,34,8,19,0.8947368421052632,0.029542047530412674,27.20212483406067
305,0,34,6,9,0.0,0.24682000279426575,27.20212483406067
306,0,34,0,7,0.8571428571428571,0.038563624024391174,27.20212483406067
307,0,34,4,6,1.0,0.08384695649147034,27.20212483406067
308,0,34,2,3,1.0,0.1099385917186737,27.20212483406067
309,0,35,4,129,0.7054263565891473,0.006311774719506502,27.20212483406067
310,0,35,5,15,0.8,0.029213517904281616,27.20212483406067
311,0,35,2,18,0.7222222222222222,0.04577961191534996,27.20212483406067
312,0,35,6,89,0.1348314606741573,0.018391234800219536,27.20212483406067
313,0,35,0,131,0.7862595419847328,0.00683250417932868,27.20212483406067
314,0,35,3,20,0.85,0.026198450475931168,27.20212483406067
315,0,35,1,30,0.9,0.008998057805001736,27.20212483406067
316,0,36,8,32,0.875,0.015134908258914948,27.20212483406067
317,0,36,3,29,0.7241379310344828,0.025329744443297386,27.20212483406067
318,0,36,9,40,0.825,0.01037610974162817,27.20212483406067
319,0,36,5,16,0.75,0.030818060040473938,27.20212483406067
320,0,36,1,14,1.0,0.0013507026014849544,27.20212483406067
321,0,36,6,52,0.11538461538461539,0.03403295949101448,27.20212483406067
322,0,36,2,96,0.5833333333333334,0.010008621029555798,27.20212483406067
323,0,36,4,17,0.8823529411764706,0.03935844451189041,27.20212483406067
324,0,36,0,55,0.7818181818181819,0.01182980090379715,27.20212483406067
325,0,36,7,10,1.0,0.02713397517800331,27.20212483406067
326,0,37,1,87,0.8850574712643678,0.003976728767156601,27.20212483406067
327,0,37,3,85,0.8,0.006684013642370701,27.20212483406067
328,0,37,6,121,0.12396694214876033,0.013633579015731812,27.20212483406067
329,0,37,2,35,0.6,0.024788767099380493,27.20212483406067
330,0,37,4,69,0.7536231884057971,0.009543175809085369,27.20212483406067
331,0,37,0,32,0.71875,0.028635503724217415,27.20212483406067
332,0,37,5,24,0.8333333333333334,0.02588418498635292,27.20212483406067
333,0,38,9,14,0.7857142857142857,0.03589842841029167,27.20212483406067
334,0,38,3,38,0.6842105263157895,0.0193380918353796,27.20212483406067
335,0,38,1,31,0.9032258064516129,0.008202255703508854,27.20212483406067
336,0,38,8,32,0.875,0.011695442721247673,27.20212483406067
337,0,38,7,6,1.0,0.04339442774653435,27.20212483406067
338,0,38,6,23,0.0,0.08189491927623749,27.20212483406067
339,0,38,0,31,0.7419354838709677,0.02078285813331604,27.20212483406067
340,0,38,5,10,0.9,0.04863384738564491,27.20212483406067
341,0,38,2,11,0.7272727272727273,0.09145659953355789,27.20212483406067
342,0,38,4,1,0.0,1.1873682737350464,27.20212483406067
343,0,39,1,24,0.7916666666666666,0.01587391458451748,27.20212483406067
344,0,39,8,17,0.8823529411764706,0.02336154133081436,27.20212483406067
345,0,39,3,7,0.5714285714285714,0.1417473703622818,27.20212483406067
346,0,39,6,45,0.044444444444444446,0.038416020572185516,27.20212483406067
347,0,39,7,58,0.8620689655172413,0.007434196304529905,27.20212483406067
348,0,39,2,24,0.7083333333333334,0.033943772315979004,27.20212483406067
349,0,39,0,21,0.6666666666666666,0.052746616303920746,27.20212483406067
350,0,39,9,17,0.8235294117647058,0.03272705897688866,27.20212483406067
351,0,39,5,14,0.7857142857142857,0.03654942661523819,27.20212483406067
352,0,39,4,49,0.46938775510204084,0.022601846605539322,27.20212483406067
353,0,40,1,31,0.7741935483870968,0.019784994423389435,27.20212483406067
354,0,40,7,34,0.8823529411764706,0.012999366968870163,27.20212483406067
355,0,40,9,54,0.8703703703703703,0.008097169920802116,27.20212483406067
356,0,40,2,56,0.7142857142857143,0.01476113498210907,27.20212483406067
357,0,40,8,35,0.8857142857142857,0.013178019784390926,27.20212483406067
358,0,40,4,4,0.5,0.19069355726242065,27.20212483406067
359,0,40,0,4,0.5,0.4911730885505676,27.20212483406067
360,0,40,3,3,1.0,0.060954924672842026,27.20212483406067
361,0,40,6,1,0.0,1.6385219097137451,27.20212483406067
362,0,41,2,47,0.6382978723404256,0.019380351528525352,27.20212483406067
363,0,41,8,62,0.8709677419354839,0.00761721795424819,27.20212483406067
364,0,41,9,24,1.0,0.0073432233184576035,27.20212483406067
365,0,41,3,11,0.7272727272727273,0.0662115067243576,27.20212483406067
366,0,41,7,7,0.7142857142857143,0.0942920595407486,27.20212483406067
367,0,41,5,7,1.0,0.012523585930466652,27.20212483406067
368,0,41,0,10,0.9,0.045718543231487274,27.20212483406067
369,0,41,6,3,0.0,0.49689337611198425,27.20212483406067
370,0,41,4,2,0.5,0.27429908514022827,27.20212483406067
371,0,42,5,56,0.9285714285714286,0.0045385537669062614,27.20212483406067
372,0,42,9,94,0.8617021276595744,0.004218142479658127,27.20212483406067
373,0,42,1,58,0.8620689655172413,0.00662763649597764,27.20212483406067
374,0,42,0,131,0.8396946564885496,0.004800551105290651,27.20212483406067
375,0,42,2,33,0.6363636363636364,0.03219914063811302,27.20212483406067
376,0,42,6,29,0.06896551724137931,0.06578776240348816,27.20212483406067
377,0,42,4,31,0.8064516129032258,0.02258942648768425,27.20212483406067
378,0,42,8,3,1.0,0.0299545731395483,27.20212483406067
379,0,42,7,2,1.0,0.12044421583414078,27.20212483406067
380,0,42,3,2,1.0,0.026387102901935577,27.20212483406067
381,0,43,4,92,0.75,0.008397516794502735,27.20212483406067
382,0,43,6,57,0.15789473684210525,0.030295560136437416,27.20212483406067
383,0,43,1,33,0.9696969696969697,0.0059774527326226234,27.20212483406067
384,0,43,0,20,0.95,0.012099872343242168,27.20212483406067
385,0,43,3,8,0.75,0.07131021469831467,27.20212483406067
386,0,43,9,32,0.875,0.01155127864331007,27.20212483406067
387,0,43,7,26,0.8846153846153846,0.012694773264229298,27.20212483406067
388,0,43,2,4,0.5,0.19360509514808655,27.20212483406067
389,0,43,5,6,0.8333333333333334,0.04989882931113243,27.20212483406067
390,0,43,8,5,1.0,0.04517441615462303,27.20212483406067
391,0,44,5,37,0.9459459459459459,0.00639613252133131,27.20212483406067
392,0,44,2,42,0.6666666666666666,0.024318547919392586,27.20212483406067
393,0,44,9,123,0.8943089430894309,0.002804451622068882,27.20212483406067
394,0,44,4,63,0.7142857142857143,0.011922781355679035,27.20212483406067
395,0,44,3,12,0.5833333333333334,0.09162555634975433,27.20212483406067
396,0,44,6,75,0.18666666666666668,0.021277491003274918,27.20212483406067
397,0,44,0,25,0.8,0.029338235035538673,27.20212483406067
398,0,44,7,10,0.8,0.0498708076775074,27.20212483406067
399,0,44,1,37,0.8918918918918919,0.010181805118918419,27.20212483406067
400,0,44,8,4,1.0,0.04619669169187546,27.20212483406067
401,0,45,2,148,0.7432432432432432,0.006079962942749262,27.20212483406067
402,0,45,4,59,0.7288135593220338,0.016048744320869446,27.20212483406067
403,0,45,1,102,0.9019607843137255,0.003484942251816392,27.20212483406067
404,0,45,0,32,0.8125,0.02158205769956112,27.20212483406067
405,0,45,3,22,0.8636363636363636,0.020582765340805054,27.20212483406067
406,0,46,0,16,0.8125,0.03326435387134552,27.20212483406067
407,0,46,2,26,0.6153846153846154,0.03718746453523636,27.20212483406067
408,0,46,4,60,0.6666666666666666,0.014547784812748432,27.20212483406067
409,0,46,8,52,0.9230769230769231,0.007521369028836489,27.20212483406067
410,0,46,3,56,0.8214285714285714,0.010359643958508968,27.20212483406067
411,0,46,7,30,0.9,0.015358399599790573,27.20212483406067
412,0,46,9,41,0.8048780487804879,0.011684131808578968,27.20212483406067
413,0,46,6,7,0.2857142857142857,0.20170120894908905,27.20212483406067
414,0,46,1,6,0.6666666666666666,0.1649458110332489,27.20212483406067
415,0,46,5,5,0.8,0.12486817687749863,27.20212483406067
416,0,47,8,38,0.9473684210526315,0.00636440422385931,27.20212483406067
417,0,47,2,99,0.6767676767676768,0.009759129956364632,27.20212483406067
418,0,47,3,129,0.7906976744186046,0.004794962238520384,27.20212483406067
419,0,47,7,22,0.9090909090909091,0.011650003492832184,27.20212483406067
420,0,47,4,23,0.6521739130434783,0.03445453941822052,27.20212483406067
421,0,47,1,31,0.967741935483871,0.005448542069643736,27.20212483406067
422,0,47,5,13,0.6923076923076923,0.05643363669514656,27.20212483406067
423,0,47,6,4,0.0,0.4643419086933136,27.20212483406067
424,0,48,4,20,0.7,0.04294612631201744,27.20212483406067
425,0,48,8,99,0.8686868686868687,0.00489234970882535,27.20212483406067
426,0,48,0,79,0.759493670886076,0.01024522352963686,27.20212483406067
427,0,48,6,29,0.06896551724137931,0.05931134521961212,27.20212483406067
428,0,48,7,28,0.8928571428571429,0.011725357733666897,27.20212483406067
429,0,48,2,46,0.6956521739130435,0.01903553493320942,27.20212483406067
430,0,48,5,19,0.8421052631578947,0.022803330793976784,27.20212483406067
431,0,48,3,17,0.7647058823529411,0.035114988684654236,27.20212483406067
432,0,48,1,11,1.0,0.0041132718324661255,27.20212483406067
433,0,49,3,75,0.7333333333333333,0.009752588346600533,27.20212483406067
434,0,49,7,67,0.8656716417910447,0.006331357639282942,27.20212483406067
435,0,49,1,13,0.9230769230769231,0.02570086158812046,27.20212483406067
436,0,49,6,90,0.1111111111111111,0.01954733394086361,27.20212483406067
437,0,49,8,100,0.84,0.005554691888391972,27.20212483406067
438,0,49,4,19,0.7368421052631579,0.03795897588133812,27.20212483406067
439,0,49,0,33,0.7575757575757576,0.021038908511400223,27.20212483406067
440,0,49,5,36,0.8888888888888888,0.011141819879412651,27.20212483406067
441,0,49,2,9,0.4444444444444444,0.11917601525783539,27.20212483406067
442,1,0,2,30,0.0,0.4422641694545746,27.20212483406067
443,1,0,4,101,0.13861386138613863,0.05564103275537491,27.20212483406067
444,1,0,8,67,0.0,0.07922336459159851,27.20212483406067
445,1,0,1,77,0.012987012987012988,0.06615570932626724,27.20212483406067
446,1,0,7,48,0.0,0.16494108736515045,27.20212483406067
447,1,0,5,21,0.0,0.4858592748641968,27.20212483406067
448,1,0,3,15,0.0,0.33238300681114197,27.20212483406067
449,1,0,6,13,0.0,0.5545685887336731,27.20212483406067
450,1,1,5,124,0.8790322580645161,0.0022316421382129192,27.20212483406067
451,1,1,2,68,0.7205882352941176,0.0132898623123765,27.20212483406067
452,1,1,4,13,0.7692307692307693,0.05605831742286682,27.20212483406067
453,1,1,0,127,0.8188976377952756,0.005142490845173597,27.20212483406067
454,1,1,3,40,0.825,0.012061635963618755,27.20212483406067
455,1,1,1,3,1.0,0.008631564676761627,27.20212483406067
456,1,2,2,134,0.7313432835820896,0.005893384572118521,27.20212483406067
457,1,2,5,31,1.0,0.004229451064020395,27.20212483406067
458,1,2,8,114,0.8947368421052632,0.0043265032581985,27.20212483406067
459,1,2,7,21,0.9047619047619048,0.01627807505428791,27.20212483406067
460,1,2,3,53,0.8679245283018868,0.009722827933728695,27.20212483406067
461,1,2,4,8,0.875,0.0699966549873352,27.20212483406067
462,1,2,1,21,0.9523809523809523,0.004651166498661041,27.20212483406067
463,1,2,0,12,1.0,0.014508477412164211,27.20212483406067
464,1,2,6,4,0.5,0.3176790177822113,27.20212483406067
465,1,3,8,47,0.9148936170212766,0.007339777424931526,27.20212483406067
466,1,3,1,95,0.9789473684210527,0.00074720976408571,27.20212483406067
467,1,3,9,5,0.8,0.07083863019943237,27.20212483406067
468,1,3,5,2,1.0,0.1738806515932083,27.20212483406067
469,1,3,2,3,0.6666666666666666,0.33002275228500366,27.20212483406067
470,1,3,4,9,0.6666666666666666,0.08769036084413528,27.20212483406067
471,1,3,6,1,1.0,0.9501420259475708,27.20212483406067
472,1,3,7,8,0.875,0.0447796955704689,27.20212483406067
473,1,3,3,2,1.0,0.148700550198555,27.20212483406067
474,1,3,0,3,0.6666666666666666,0.5217068195343018,27.20212483406067
475,1,4,6,63,0.14285714285714285,0.02457159385085106,27.20212483406067
476,1,4,4,57,0.5789473684210527,0.016499044373631477,27.20212483406067
477,1,4,0,34,0.8235294117647058,0.024172114208340645,27.20212483406067
478,1,4,7,16,0.9375,0.017220884561538696,27.20212483406067
479,1,4,5,75,0.9066666666666666,0.0035704821348190308,27.20212483406067
480,1,4,8,22,0.8181818181818182,0.02441583015024662,27.20212483406067
481,1,4,9,40,0.9,0.010069748386740685,27.20212483406067
482,1,4,1,5,1.0,0.005473743658512831,27.20212483406067
483,1,4,3,13,0.6153846153846154,0.062316570430994034,27.20212483406067
484,1,4,2,3,0.6666666666666666,0.16670674085617065,27.20212483406067
485,1,5,6,19,0.21052631578947367,0.09341591596603394,27.20212483406067
486,1,5,5,60,0.8666666666666667,0.007165580056607723,27.20212483406067
487,1,5,9,70,0.8571428571428571,0.005869749467819929,27.20212483406067
488,1,5,2,17,0.7647058823529411,0.057111211121082306,27.20212483406067
489,1,5,7,23,0.9130434782608695,0.011765873990952969,27.20212483406067
490,1,5,1,59,0.9491525423728814,0.00348680024035275,27.20212483406067
491,1,5,3,10,0.9,0.04051641747355461,27.20212483406067
492,1,5,4,38,0.7631578947368421,0.018490636721253395,27.20212483406067
493,1,5,8,5,1.0,0.03883196413516998,27.20212483406067
494,1,5,0,26,0.7692307692307693,0.02794709987938404,27.20212483406067
495,1,6,5,88,0.8636363636363636,0.0033233596477657557,27.20212483406067
496,1,6,0,36,0.8611111111111112,0.013985508121550083,27.20212483406067
497,1,6,7,103,0.883495145631068,0.0040194629691541195,27.20212483406067
498,1,6,1,65,0.8769230769230769,0.006765409838408232,27.20212483406067
499,1,6,3,36,0.8055555555555556,0.016706757247447968,27.20212483406067
500,1,6,2,22,0.5909090909090909,0.04652327299118042,27.20212483406067
501,1,6,4,10,0.7,0.0674472227692604,27.20212483406067
502,1,7,1,113,0.8761061946902655,0.002679676515981555,27.20212483406067
503,1,7,8,150,0.8733333333333333,0.002802454400807619,27.20212483406067
504,1,7,7,21,0.6666666666666666,0.03036324307322502,27.20212483406067
505,1,7,0,41,0.6829268292682927,0.02690943516790867,27.20212483406067
506,1,7,6,36,0.16666666666666666,0.05230313912034035,27.20212483406067
507,1,7,3,10,0.9,0.04063327983021736,27.20212483406067
508,1,7,5,4,0.75,0.0695715844631195,27.20212483406067
509,1,7,2,4,1.0,0.22434662282466888,27.20212483406067
510,1,7,4,4,0.5,0.22176910936832428,27.20212483406067
511,1,8,4,112,0.7678571428571429,0.007020166143774986,27.20212483406067
512,1,8,1,12,0.9166666666666666,0.0337647870182991,27.20212483406067
513,1,8,0,75,0.8,0.00784087274223566,27.20212483406067
514,1,8,3,13,0.8461538461538461,0.05044359713792801,27.20212483406067
515,1,8,7,65,0.8461538461538461,0.006027077790349722,27.20212483406067
516,1,8,2,41,0.7073170731707317,0.024912862107157707,27.20212483406067
517,1,8,5,21,0.9523809523809523,0.009666001424193382,27.20212483406067
518,1,8,8,8,0.875,0.06677591800689697,27.20212483406067
519,1,8,6,2,0.5,0.660697340965271,27.20212483406067
520,1,9,5,75,0.8266666666666667,0.00709356227889657,27.20212483406067
521,1,9,8,3,1.0,0.020514853298664093,27.20212483406067
522,1,9,1,32,0.875,0.015767216682434082,27.20212483406067
523,1,9,4,16,0.6875,0.0494760125875473,27.20212483406067
524,1,9,7,99,0.8383838383838383,0.005174929276108742,27.20212483406067
525,1,9,0,27,0.8518518518518519,0.02158406190574169,27.20212483406067
526,1,9,6,30,0.13333333333333333,0.05446961149573326,27.20212483406067
527,1,9,9,8,0.875,0.09181340038776398,27.20212483406067
528,1,9,2,23,0.6086956521739131,0.04586130753159523,27.20212483406067
529,1,9,3,2,1.0,0.0748353898525238,27.20212483406067
530,1,10,7,131,0.8625954198473282,0.003356217872351408,27.20212483406067
531,1,10,1,73,0.8767123287671232,0.005569960456341505,27.20212483406067
532,1,10,0,9,0.5555555555555556,0.1153549924492836,27.20212483406067
533,1,10,6,57,0.15789473684210525,0.030868064612150192,27.20212483406067
534,1,10,4,38,0.5526315789473685,0.02658046968281269,27.20212483406067
535,1,10,3,32,0.78125,0.022963035851716995,27.20212483406067
536,1,10,2,8,0.75,0.11627329885959625,27.20212483406067
537,1,10,5,23,1.0,0.007492642384022474,27.20212483406067
538,1,11,9,48,0.9583333333333334,0.003982929978519678,27.20212483406067
539,1,11,3,60,0.8,0.011432722210884094,27.20212483406067
540,1,11,0,16,0.8125,0.03248703479766846,27.20212483406067
541,1,11,5,77,0.8571428571428571,0.0055532921105623245,27.20212483406067
542,1,11,7,30,0.9333333333333333,0.008893722668290138,27.20212483406067
543,1,11,8,34,0.9411764705882353,0.007656563073396683,27.20212483406067
544,1,11,2,3,0.6666666666666666,0.45227858424186707,27.20212483406067
545,1,11,4,4,1.0,0.07398012280464172,27.20212483406067
546,1,11,6,4,0.0,0.34776419401168823,27.20212483406067
547,1,12,3,24,0.875,0.01313159242272377,27.20212483406067
548,1,12,9,58,0.8103448275862069,0.005947800353169441,27.20212483406067
549,1,12,2,52,0.7307692307692307,0.019850054755806923,27.20212483406067
550,1,12,1,70,0.9571428571428572,0.001773056690581143,27.20212483406067
551,1,12,5,40,0.825,0.01071490254253149,27.20212483406067
552,1,12,6,53,0.1320754716981132,0.03427741304039955,27.20212483406067
553,1,12,8,27,0.8148148148148148,0.020316803827881813,27.20212483406067
554,1,12,4,3,0.3333333333333333,0.5597540736198425,27.20212483406067
555,1,12,7,10,1.0,0.02504745125770569,27.20212483406067
556,1,12,0,3,1.0,0.14222121238708496,27.20212483406067
557,1,13,9,128,0.8515625,0.0034740713890641928,27.20212483406067
558,1,13,3,8,0.5,0.18650247156620026,27.20212483406067
559,1,13,8,33,0.8787878787878788,0.013189123012125492,27.20212483406067
560,1,13,5,35,0.8857142857142857,0.008987992070615292,27.20212483406067
561,1,13,2,7,0.8571428571428571,0.09392889589071274,27.20212483406067
562,1,13,4,6,0.6666666666666666,0.15852856636047363,27.20212483406067
563,1,13,6,34,0.08823529411764706,0.05218914896249771,27.20212483406067
564,1,13,1,5,0.8,0.04600486159324646,27.20212483406067
565,1,13,0,10,0.9,0.04003692418336868,27.20212483406067
566,1,13,7,2,0.5,0.26145172119140625,27.20212483406067
567,1,14,3,122,0.8442622950819673,0.004207917023450136,27.20212483406067
568,1,14,0,40,0.775,0.013776126317679882,27.20212483406067
569,1,14,5,67,0.9402985074626866,0.003545405576005578,27.20212483406067
570,1,14,6,65,0.09230769230769231,0.027205806225538254,27.20212483406067
571,1,14,2,11,0.7272727272727273,0.07670858502388,27.20212483406067
572,1,14,7,42,0.8809523809523809,0.007541388273239136,27.20212483406067
573,1,14,1,14,0.8571428571428571,0.016439538449048996,27.20212483406067
574,1,14,4,6,0.3333333333333333,0.19755196571350098,27.20212483406067
575,1,15,9,221,0.8461538461538461,0.001894829678349197,27.20212483406067
576,1,15,3,22,0.7727272727272727,0.02629341185092926,27.20212483406067
577,1,15,6,156,0.16666666666666666,0.010603870265185833,27.20212483406067
578,1,15,8,82,0.926829268292683,0.003583448939025402,27.20212483406067
579,1,15,7,16,0.9375,0.023578912019729614,27.20212483406067
580,1,15,4,29,0.7241379310344828,0.029248898848891258,27.20212483406067
581,1,15,0,29,0.7241379310344828,0.02797580137848854,27.20212483406067
582,1,15,1,7,1.0,0.0008619325235486031,27.20212483406067
583,1,15,2,7,0.8571428571428571,0.08582770079374313,27.20212483406067
584,1,15,5,7,0.8571428571428571,0.03422435373067856,27.20212483406067
585,1,16,5,55,0.8909090909090909,0.007370310369879007,27.20212483406067
586,1,16,0,34,0.7941176470588235,0.021394768729805946,27.20212483406067
587,1,16,7,243,0.8765432098765432,0.0016691581113263965,27.20212483406067
588,1,16,4,51,0.7058823529411765,0.014576919376850128,27.20212483406067
589,1,16,1,5,1.0,0.0016534737078472972,27.20212483406067
590,1,16,2,13,0.5384615384615384,0.0803871676325798,27.20212483406067
591,1,16,3,31,0.7096774193548387,0.02828449010848999,27.20212483406067
592,1,16,6,28,0.10714285714285714,0.05855667591094971,27.20212483406067
593,1,17,9,147,0.8027210884353742,0.0030728671699762344,27.20212483406067
594,1,17,5,18,0.8333333333333334,0.026841655373573303,27.20212483406067
595,1,17,1,28,0.9285714285714286,0.010075848549604416,27.20212483406067
596,1,17,3,55,0.7636363636363637,0.010671187192201614,27.20212483406067
597,1,17,4,26,0.7307692307692307,0.03345238044857979,27.20212483406067
598,1,17,6,20,0.2,0.08156824111938477,27.20212483406067
599,1,17,8,5,1.0,0.0832751914858818,27.20212483406067
600,1,17,2,22,0.6818181818181818,0.03792440891265869,27.20212483406067
601,1,17,0,17,0.7647058823529411,0.04609325900673866,27.20212483406067
602,1,18,8,107,0.8691588785046729,0.004013747908174992,27.20212483406067
603,1,18,1,34,0.9411764705882353,0.0036969943903386593,27.20212483406067
604,1,18,0,104,0.8557692307692307,0.005110671278089285,27.20212483406067
605,1,18,3,15,0.8666666666666667,0.026457620784640312,27.20212483406067
606,1,18,7,28,0.9642857142857143,0.009184971451759338,27.20212483406067
607,1,18,9,23,0.9565217391304348,0.00892026349902153,27.20212483406067
608,1,18,2,27,0.6666666666666666,0.032805390655994415,27.20212483406067
609,1,18,6,5,0.4,0.25679436326026917,27.20212483406067
610,1,18,4,14,0.5,0.07028213143348694,27.20212483406067
611,1,19,7,73,0.8767123287671232,0.004867886193096638,27.20212483406067
612,1,19,5,27,0.9259259259259259,0.008957024663686752,27.20212483406067
613,1,19,6,3,0.3333333333333333,0.5114836692810059,27.20212483406067
614,1,19,3,37,0.8108108108108109,0.016623681411147118,27.20212483406067
615,1,19,0,22,0.8636363636363636,0.023495813831686974,27.20212483406067
616,1,19,9,34,0.7058823529411765,0.017927058041095734,27.20212483406067
617,1,19,1,29,0.896551724137931,0.01677136868238449,27.20212483406067
618,1,19,2,23,0.7391304347826086,0.03859642520546913,27.20212483406067
619,1,19,4,12,0.75,0.07934024184942245,27.20212483406067
620,1,19,8,15,0.9333333333333333,0.023217352107167244,27.20212483406067
621,1,20,2,134,0.6417910447761194,0.007039276883006096,27.20212483406067
622,1,20,0,14,0.9285714285714286,0.031251341104507446,27.20212483406067
623,1,20,7,73,0.863013698630137,0.005798768252134323,27.20212483406067
624,1,20,8,86,0.8953488372093024,0.005295096896588802,27.20212483406067
625,1,20,6,30,0.1,0.05927656218409538,27.20212483406067
626,1,20,5,29,0.7931034482758621,0.023049281910061836,27.20212483406067
627,1,20,3,20,0.9,0.021513232961297035,27.20212483406067
628,1,20,1,4,1.0,0.0061959330923855305,27.20212483406067
629,1,20,4,12,0.5833333333333334,0.07276692241430283,27.20212483406067
630,1,21,7,41,0.7560975609756098,0.010813011787831783,27.20212483406067
631,1,21,5,57,0.8947368421052632,0.004815156105905771,27.20212483406067
632,1,21,6,41,0.1951219512195122,0.04065454378724098,27.20212483406067
633,1,21,9,18,0.8333333333333334,0.022023947909474373,27.20212483406067
634,1,21,4,40,0.575,0.02398589625954628,27.20212483406067
635,1,21,1,63,0.9206349206349206,0.0038864181842654943,27.20212483406067
636,1,21,0,29,0.8620689655172413,0.016593322157859802,27.20212483406067
637,1,21,8,9,1.0,0.032918013632297516,27.20212483406067
638,1,21,2,22,0.8181818181818182,0.037048161029815674,27.20212483406067
639,1,21,3,4,0.5,0.2523680031299591,27.20212483406067
640,1,22,5,100,0.9,0.003147914307191968,27.20212483406067
641,1,22,3,84,0.7142857142857143,0.009053039364516735,27.20212483406067
642,1,22,0,4,1.0,0.02040020003914833,27.20212483406067
643,1,22,1,17,0.9411764705882353,0.005461655091494322,27.20212483406067
644,1,22,2,42,0.7857142857142857,0.021892044693231583,27.20212483406067
645,1,22,7,36,0.8888888888888888,0.011330154724419117,27.20212483406067
646,1,22,4,24,0.5833333333333334,0.03723067790269852,27.20212483406067
647,1,22,6,43,0.27906976744186046,0.0374491922557354,27.20212483406067
648,1,23,8,59,0.8983050847457628,0.007930664345622063,27.20212483406067
649,1,23,4,142,0.647887323943662,0.006504371762275696,27.20212483406067
650,1,23,2,37,0.6216216216216216,0.03011293150484562,27.20212483406067
651,1,23,3,13,0.9230769230769231,0.034280311316251755,27.20212483406067
652,1,23,1,23,0.9130434782608695,0.01061299629509449,27.20212483406067
653,1,23,6,12,0.25,0.1333518922328949,27.20212483406067
654,1,23,0,8,0.625,0.09169896692037582,27.20212483406067
655,1,23,5,7,0.8571428571428571,0.037615977227687836,27.20212483406067
656,1,23,9,2,1.0,0.02333972603082657,27.20212483406067
657,1,23,7,1,0.0,1.5009520053863525,27.20212483406067
658,1,24,1,44,0.8636363636363636,0.014418954961001873,27.20212483406067
659,1,24,5,64,0.875,0.005575941875576973,27.20212483406067
660,1,24,8,77,0.8311688311688312,0.007406179793179035,27.20212483406067
661,1,24,0,4,1.0,0.0483267679810524,27.20212483406067
662,1,24,4,30,0.6666666666666666,0.028370602056384087,27.20212483406067
663,1,24,6,12,0.16666666666666666,0.11894496530294418,27.20212483406067
664,1,24,9,68,0.75,0.00768035463988781,27.20212483406067
665,1,24,7,47,0.8723404255319149,0.008067985065281391,27.20212483406067
666,1,24,2,25,0.6,0.037467069923877716,27.20212483406067
667,1,24,3,7,0.7142857142857143,0.09268034249544144,27.20212483406067
668,1,25,8,155,0.8516129032258064,0.0028425150085240602,27.20212483406067
669,1,25,3,36,0.8055555555555556,0.01707037165760994,27.20212483406067
670,1,25,0,21,0.8095238095238095,0.0272311270236969,27.20212483406067
671,1,25,9,40,0.925,0.007078907918184996,27.20212483406067
672,1,25,6,30,0.16666666666666666,0.053315669298172,27.20212483406067
673,1,25,2,15,0.7333333333333333,0.05105463042855263,27.20212483406067
674,1,25,7,3,1.0,0.027781132608652115,27.20212483406067
675,1,25,5,6,1.0,0.01716434210538864,27.20212483406067
676,1,25,4,5,0.6,0.1731548011302948,27.20212483406067
677,1,25,1,2,1.0,0.0003596557944547385,27.20212483406067
678,1,26,3,174,0.8218390804597702,0.0034667612053453922,27.20212483406067
679,1,26,1,78,0.8974358974358975,0.0041815126314759254,27.20212483406067
680,1,26,0,28,0.7142857142857143,0.030398711562156677,27.20212483406067
681,1,26,2,35,0.7714285714285715,0.023068644106388092,27.20212483406067
682,1,26,4,36,0.8333333333333334,0.018651951104402542,27.20212483406067
683,1,27,9,61,0.9016393442622951,0.005333530250936747,27.20212483406067
684,1,27,5,30,0.8333333333333334,0.018175898119807243,27.20212483406067
685,1,27,7,6,1.0,0.04593823850154877,27.20212483406067
686,1,27,4,71,0.7183098591549296,0.011837202124297619,27.20212483406067
687,1,27,3,18,0.7222222222222222,0.04908587038516998,27.20212483406067
688,1,27,2,10,0.7,0.0774170532822609,27.20212483406067
689,1,27,6,11,0.09090909090909091,0.19248679280281067,27.20212483406067
690,1,27,0,13,0.6923076923076923,0.058605972677469254,27.20212483406067
691,1,27,1,11,1.0,0.00032081626704894006,27.20212483406067
692,1,27,8,1,1.0,0.1656617820262909,27.20212483406067
693,1,28,6,186,0.12903225806451613,0.009115960448980331,27.20212483406067
694,1,28,0,99,0.7878787878787878,0.007425898686051369,27.20212483406067
695,1,28,3,27,0.8148148148148148,0.022320996969938278,27.20212483406067
696,1,28,2,24,0.5416666666666666,0.0380111038684845,27.20212483406067
697,1,28,5,7,0.5714285714285714,0.14194074273109436,27.20212483406067
698,1,28,4,6,0.6666666666666666,0.13282671570777893,27.20212483406067
699,1,28,1,2,0.5,0.2172035276889801,27.20212483406067
700,1,29,0,94,0.7340425531914894,0.009925653226673603,27.20212483406067
701,1,29,6,20,0.15,0.08591105043888092,27.20212483406067
702,1,29,4,67,0.6567164179104478,0.012492907233536243,27.20212483406067
703,1,29,5,35,0.8857142857142857,0.008435606025159359,27.20212483406067
704,1,29,2,14,0.8571428571428571,0.04598642513155937,27.20212483406067
705,1,29,8,67,0.8955223880597015,0.005504122003912926,27.20212483406067
706,1,29,1,62,0.9838709677419355,0.0015347454464063048,27.20212483406067
707,1,29,7,11,0.9090909090909091,0.04865428805351257,27.20212483406067
708,1,29,3,13,0.6153846153846154,0.0716133713722229,27.20212483406067
709,1,30,7,15,0.7333333333333333,0.05827399343252182,27.20212483406067
710,1,30,8,50,0.82,0.011119162663817406,27.20212483406067
711,1,30,6,46,0.043478260869565216,0.03847283124923706,27.20212483406067
712,1,30,5,36,0.8888888888888888,0.007363110780715942,27.20212483406067
713,1,30,2,15,0.8666666666666667,0.0652952641248703,27.20212483406067
714,1,30,1,10,1.0,0.001562639488838613,27.20212483406067
715,1,30,3,6,0.8333333333333334,0.08826306462287903,27.20212483406067
716,1,30,9,2,0.5,0.23018211126327515,27.20212483406067
717,1,30,0,2,0.0,1.548107624053955,27.20212483406067
718,1,31,4,27,0.6296296296296297,0.02844715304672718,27.20212483406067
719,1,31,9,225,0.8355555555555556,0.0018289453582838178,27.20212483406067
720,1,31,7,36,0.8888888888888888,0.008876184932887554,27.20212483406067
721,1,31,8,95,0.9052631578947369,0.0044626775197684765,27.20212483406067
722,1,31,5,37,0.8918918918918919,0.007415242493152618,27.20212483406067
723,1,31,0,7,0.7142857142857143,0.17011591792106628,27.20212483406067
724,1,31,6,31,0.16129032258064516,0.053488727658987045,27.20212483406067
725,1,31,2,8,0.5,0.15175628662109375,27.20212483406067
726,1,31,3,28,0.8928571428571429,0.015203953720629215,27.20212483406067
727,1,31,1,2,1.0,0.028715822845697403,27.20212483406067
728,1,32,4,59,0.6271186440677966,0.015942519530653954,27.20212483406067
729,1,32,1,67,0.9552238805970149,0.002029722323641181,27.20212483406067
730,1,32,2,86,0.6162790697674418,0.011891313828527927,27.20212483406067
731,1,32,5,148,0.8851351351351351,0.0023859564680606127,27.20212483406067
732,1,32,3,20,0.8,0.04193247854709625,27.20212483406067
733,1,32,0,12,1.0,0.015283260494470596,27.20212483406067
734,1,33,3,59,0.864406779661017,0.008320779539644718,27.20212483406067
735,1,33,4,63,0.7142857142857143,0.010612941347062588,27.20212483406067
736,1,33,0,52,0.8076923076923077,0.015725184231996536,27.20212483406067
737,1,33,7,108,0.8703703703703703,0.003981310874223709,27.20212483406067
738,1,33,2,34,0.6470588235294118,0.034220777451992035,27.20212483406067
739,1,33,5,63,0.9365079365079365,0.00448919041082263,27.20212483406067
740,1,33,6,20,0.2,0.07897387444972992,27.20212483406067
741,1,33,1,26,0.8846153846153846,0.025144366547465324,27.20212483406067
742,1,34,1,113,0.9380530973451328,0.0016904326621443033,27.20212483406067
743,1,34,7,60,0.8333333333333334,0.00889850128442049,27.20212483406067
744,1,34,2,3,1.0,0.09920936077833176,27.20212483406067
745,1,34,9,51,0.8431372549019608,0.00805831141769886,27.20212483406067
746,1,34,3,19,0.6842105263157895,0.03519725799560547,27.20212483406067
747,1,34,4,6,1.0,0.08116984367370605,27.20212483406067
748,1,34,8,19,0.8947368421052632,0.028693482279777527,27.20212483406067
749,1,34,0,7,0.8571428571428571,0.03701957315206528,27.20212483406067
750,1,34,6,9,0.0,0.2444525510072708,27.20212483406067
751,1,35,0,131,0.7862595419847328,0.006765425205230713,27.20212483406067
752,1,35,1,30,0.9,0.008770785294473171,27.20212483406067
753,1,35,4,129,0.7054263565891473,0.006368936505168676,27.20212483406067
754,1,35,5,15,0.8,0.02753225900232792,27.20212483406067
755,1,35,6,89,0.15730337078651685,0.018171846866607666,27.20212483406067
756,1,35,2,18,0.7222222222222222,0.04447970911860466,27.20212483406067
757,1,35,3,20,0.85,0.026552174240350723,27.20212483406067
758,1,36,4,17,0.8823529411764706,0.039193637669086456,27.20212483406067
759,1,36,2,96,0.625,0.00975295715034008,27.20212483406067
760,1,36,3,29,0.6896551724137931,0.026434840634465218,27.20212483406067
761,1,36,0,55,0.7818181818181819,0.01161210611462593,27.20212483406067
762,1,36,9,40,0.825,0.009818444959819317,27.20212483406067
763,1,36,8,32,0.90625,0.014307095669209957,27.20212483406067
764,1,36,6,52,0.11538461538461539,0.03385765105485916,27.20212483406067
765,1,36,1,14,1.0,0.0012311444152146578,27.20212483406067
766,1,36,5,16,0.75,0.029253186658024788,27.20212483406067
767,1,36,7,10,1.0,0.0265060868114233,27.20212483406067
768,1,37,6,121,0.12396694214876033,0.013609192334115505,27.20212483406067
769,1,37,4,69,0.7536231884057971,0.009604343213140965,27.20212483406067
770,1,37,3,85,0.8,0.006774311885237694,27.20212483406067
771,1,37,1,87,0.896551724137931,0.003923626616597176,27.20212483406067
772,1,37,2,35,0.6,0.024141959846019745,27.20212483406067
773,1,37,0,32,0.71875,0.028012383729219437,27.20212483406067
774,1,37,5,24,0.8333333333333334,0.024672988802194595,27.20212483406067
775,1,38,9,14,0.7857142857142857,0.033996351063251495,27.20212483406067
776,1,38,1,31,0.9032258064516129,0.008082498796284199,27.20212483406067
777,1,38,3,38,0.6842105263157895,0.020043497905135155,27.20212483406067
778,1,38,2,11,0.7272727272727273,0.08881515264511108,27.20212483406067
779,1,38,8,32,0.875,0.01107591949403286,27.20212483406067
780,1,38,0,31,0.7419354838709677,0.02032564766705036,27.20212483406067
781,1,38,6,23,0.0,0.08249612897634506,27.20212483406067
782,1,38,5,10,0.9,0.04659349098801613,27.20212483406067
783,1,38,7,6,1.0,0.041797783225774765,27.20212483406067
784,1,38,4,1,0.0,1.2322043180465698,27.20212483406067
785,1,39,4,49,0.4489795918367347,0.022946007549762726,27.20212483406067
786,1,39,9,17,0.8235294117647058,0.03081735037267208,27.20212483406067
787,1,39,7,58,0.8448275862068966,0.007394399028271437,27.20212483406067
788,1,39,3,7,0.5714285714285714,0.14404289424419403,27.20212483406067
789,1,39,1,24,0.7916666666666666,0.015494226478040218,27.20212483406067
790,1,39,2,24,0.7916666666666666,0.03276972845196724,27.20212483406067
791,1,39,8,17,0.8823529411764706,0.02286425232887268,27.20212483406067
792,1,39,6,45,0.06666666666666667,0.03829755634069443,27.20212483406067
793,1,39,5,14,0.7857142857142857,0.03402475267648697,27.20212483406067
794,1,39,0,21,0.6666666666666666,0.051865413784980774,27.20212483406067
795,1,40,9,54,0.8703703703703703,0.0075661479495465755,27.20212483406067
796,1,40,1,31,0.7741935483870968,0.019401898607611656,27.20212483406067
797,1,40,2,56,0.7142857142857143,0.014284387230873108,27.20212483406067
798,1,40,8,35,0.8857142857142857,0.0125839002430439,27.20212483406067
799,1,40,7,34,0.8823529411764706,0.012987587600946426,27.20212483406067
800,1,40,4,4,0.5,0.19219063222408295,27.20212483406067
801,1,40,0,4,0.5,0.4812988340854645,27.20212483406067
802,1,40,3,3,1.0,0.06148625910282135,27.20212483406067
803,1,40,6,1,0.0,1.6726295948028564,27.20212483406067
804,1,41,8,62,0.8709677419354839,0.007409828249365091,27.20212483406067
805,1,41,2,47,0.6382978723404256,0.01883883960545063,27.20212483406067
806,1,41,9,24,1.0,0.006316547282040119,27.20212483406067
807,1,41,7,7,0.7142857142857143,0.09405375272035599,27.20212483406067
808,1,41,0,10,0.9,0.04423923417925835,27.20212483406067
809,1,41,5,7,1.0,0.011964277364313602,27.20212483406067
810,1,41,4,2,0.5,0.27326035499572754,27.20212483406067
811,1,41,6,3,0.0,0.49161481857299805,27.20212483406067
812,1,41,3,11,0.7272727272727273,0.06807143986225128,27.20212483406067
813,1,42,9,94,0.8723404255319149,0.003945515491068363,27.20212483406067
814,1,42,4,31,0.8064516129032258,0.02273726277053356,27.20212483406067
815,1,42,0,131,0.8320610687022901,0.004729188978672028,27.20212483406067
816,1,42,6,29,0.06896551724137931,0.06444159895181656,27.20212483406067
817,1,42,1,58,0.8620689655172413,0.006604277528822422,27.20212483406067
818,1,42,5,56,0.9285714285714286,0.004288604948669672,27.20212483406067
819,1,42,2,33,0.6666666666666666,0.031407471746206284,27.20212483406067
820,1,42,8,3,1.0,0.02626877836883068,27.20212483406067
821,1,42,7,2,1.0,0.11402037739753723,27.20212483406067
822,1,42,3,2,1.0,0.025873616337776184,27.20212483406067
823,1,43,4,92,0.7282608695652174,0.008430174551904202,27.20212483406067
824,1,43,8,5,1.0,0.04168277606368065,27.20212483406067
825,1,43,5,6,0.8333333333333334,0.04807833582162857,27.20212483406067
826,1,43,6,57,0.15789473684210525,0.029909510165452957,27.20212483406067
827,1,43,9,32,0.875,0.0109672537073493,27.20212483406067
828,1,43,0,20,0.95,0.01208084262907505,27.20212483406067
829,1,43,1,33,0.9696969696969697,0.005908876657485962,27.20212483406067
830,1,43,7,26,0.8846153846153846,0.012440034188330173,27.20212483406067
831,1,43,3,8,0.75,0.07277672737836838,27.20212483406067
832,1,43,2,4,0.5,0.18855483829975128,27.20212483406067
833,1,44,3,12,0.5833333333333334,0.09476003050804138,27.20212483406067
834,1,44,2,42,0.6904761904761905,0.024046489968895912,27.20212483406067
835,1,44,9,123,0.9024390243902439,0.0025876350700855255,27.20212483406067
836,1,44,4,63,0.7142857142857143,0.01195427868515253,27.20212483406067
837,1,44,7,10,0.8,0.05067921802401543,27.20212483406067
838,1,44,6,75,0.18666666666666668,0.02106761373579502,27.20212483406067
839,1,44,0,25,0.8,0.02834804728627205,27.20212483406067
840,1,44,5,37,0.9459459459459459,0.0059927585534751415,27.20212483406067
841,1,44,1,37,0.8918918918918919,0.010109505616128445,27.20212483406067
842,1,44,8,4,1.0,0.04349837452173233,27.20212483406067
843,1,45,2,148,0.7432432432432432,0.005908777471631765,27.20212483406067
844,1,45,1,102,0.9117647058823529,0.003415615763515234,27.20212483406067
845,1,45,4,59,0.7457627118644068,0.016083696857094765,27.20212483406067
846,1,45,3,22,0.8636363636363636,0.021291406825184822,27.20212483406067
847,1,45,0,32,0.84375,0.021353166550397873,27.20212483406067
848,1,46,0,16,0.875,0.0323755219578743,27.20212483406067
849,1,46,8,52,0.9423076923076923,0.007178749889135361,27.20212483406067
850,1,46,1,6,0.6666666666666666,0.16137680411338806,27.20212483406067
851,1,46,4,60,0.5833333333333334,0.014726894907653332,27.20212483406067
852,1,46,5,5,0.8,0.1174994707107544,27.20212483406067
853,1,46,3,56,0.8214285714285714,0.01057959534227848,27.20212483406067
854,1,46,9,41,0.8048780487804879,0.011049349792301655,27.20212483406067
855,1,46,7,30,0.9,0.01531180553138256,27.20212483406067
856,1,46,6,7,0.2857142857142857,0.20300619304180145,27.20212483406067
857,1,46,2,26,0.6153846153846154,0.0358932726085186,27.20212483406067
858,1,47,3,129,0.7906976744186046,0.004898691084235907,27.20212483406067
859,1,47,8,38,0.9473684210526315,0.00613303342834115,27.20212483406067
860,1,47,1,31,0.967741935483871,0.005211008246988058,27.20212483406067
861,1,47,2,99,0.696969696969697,0.009544780477881432,27.20212483406067
862,1,47,4,23,0.6521739130434783,0.03457176312804222,27.20212483406067
863,1,47,6,4,0.0,0.46318069100379944,27.20212483406067
864,1,47,7,22,0.9090909090909091,0.011363395489752293,27.20212483406067
865,1,47,5,13,0.6923076923076923,0.05459601432085037,27.20212483406067
866,1,48,5,19,0.8421052631578947,0.02200372703373432,27.20212483406067
867,1,48,2,46,0.717391304347826,0.01853783428668976,27.20212483406067
868,1,48,6,29,0.06896551724137931,0.0593663789331913,27.20212483406067
869,1,48,8,99,0.8686868686868687,0.0047388686798512936,27.20212483406067
870,1,48,0,79,0.759493670886076,0.010079408995807171,27.20212483406067
871,1,48,4,20,0.7,0.0432283952832222,27.20212483406067
872,1,48,7,28,0.8928571428571429,0.011637043207883835,27.20212483406067
873,1,48,1,11,1.0,0.0036109662614762783,27.20212483406067
874,1,48,3,17,0.7647058823529411,0.03570827469229698,27.20212483406067
875,1,49,8,100,0.85,0.005324776284396648,27.20212483406067
876,1,49,3,75,0.72,0.00988522358238697,27.20212483406067
877,1,49,5,36,0.8888888888888888,0.010487389750778675,27.20212483406067
878,1,49,7,67,0.8805970149253731,0.006294385530054569,27.20212483406067
879,1,49,6,90,0.12222222222222222,0.019375009462237358,27.20212483406067
880,1,49,4,19,0.7368421052631579,0.03747556358575821,27.20212483406067
881,1,49,0,33,0.7575757575757576,0.02113758772611618,27.20212483406067
882,1,49,1,13,0.9230769230769231,0.025503085926175117,27.20212483406067
883,1,49,2,9,0.4444444444444444,0.11553514003753662,27.20212483406067
