,Epoch,Client_id,Class_id,Label_num,Test_acc,Test_loss
0,0,0,7,48,0.0,0.10148543119430542
1,0,0,4,101,0.039603960396039604,0.04853532463312149
2,0,0,1,77,0.0,0.04512067139148712
3,0,0,8,67,0.0,0.03487180173397064
4,0,0,2,30,0.0,0.22373352944850922
5,0,0,6,13,0.0,0.384987473487854
6,0,0,5,21,0.0,0.2888731360435486
7,0,0,3,15,0.0,0.2513114809989929
8,0,1,4,13,0.38461538461538464,0.09302385151386261
9,0,1,0,127,0.7874015748031497,0.006635149009525776
10,0,1,5,124,0.9193548387096774,0.0036185900680720806
11,0,1,2,68,0.8088235294117647,0.014977850019931793
12,0,1,3,40,0.775,0.020340295508503914
13,0,1,1,3,1.0,0.08409643173217773
14,0,2,3,53,0.7735849056603774,0.016284391283988953
15,0,2,0,12,0.8333333333333334,0.04546760022640228
16,0,2,8,114,0.631578947368421,0.011803505942225456
17,0,2,2,134,0.8432835820895522,0.007000722922384739
18,0,2,7,21,0.7619047619047619,0.046085208654403687
19,0,2,5,31,0.967741935483871,0.009448080323636532
20,0,2,1,21,0.9047619047619048,0.02272053062915802
21,0,2,4,8,0.375,0.18266330659389496
22,0,2,6,4,0.25,0.408858984708786
23,0,3,1,95,0.8947368421052632,0.00478147529065609
24,0,3,2,3,0.6666666666666666,0.4070269763469696
25,0,3,8,47,0.7021276595744681,0.025198377668857574
26,0,3,7,8,0.875,0.10882637649774551
27,0,3,0,3,0.6666666666666666,0.3860257565975189
28,0,3,4,9,0.3333333333333333,0.15063872933387756
29,0,3,3,2,0.0,0.6338675022125244
30,0,3,5,2,1.0,0.20925408601760864
31,0,3,9,5,0.2,0.38936132192611694
32,0,3,6,1,0.0,1.721075177192688
33,0,4,5,75,0.9333333333333333,0.005327941849827766
34,0,4,4,57,0.3157894736842105,0.02451392263174057
35,0,4,8,22,0.5,0.06963960081338882
36,0,4,9,40,0.375,0.0440191887319088
37,0,4,0,34,0.8823529411764706,0.025181306526064873
38,0,4,7,16,0.625,0.06892044842243195
39,0,4,6,63,0.06349206349206349,0.028955606743693352
40,0,4,1,5,0.8,0.10509848594665527
41,0,4,3,13,0.6153846153846154,0.07704481482505798
42,0,4,2,3,1.0,0.20359216630458832
43,0,5,6,19,0.0,0.09525872021913528
44,0,5,1,59,0.8983050847457628,0.008646818809211254
45,0,5,9,70,0.34285714285714286,0.024995725601911545
46,0,5,5,60,0.8333333333333334,0.010222328826785088
47,0,5,4,38,0.47368421052631576,0.03635768964886665
48,0,5,7,23,0.6086956521739131,0.039548955857753754
49,0,5,2,17,0.8823529411764706,0.06547318398952484
50,0,5,0,26,0.7692307692307693,0.03654163330793381
51,0,5,3,10,0.6,0.08717922866344452
52,0,5,8,5,0.6,0.25041988492012024
53,0,6,5,88,0.8977272727272727,0.004942023660987616
54,0,6,3,36,0.6944444444444444,0.024019990116357803
55,0,6,7,103,0.5631067961165048,0.010813145898282528
56,0,6,1,65,0.7846153846153846,0.012773663736879826
57,0,6,2,22,0.7272727272727273,0.05117824301123619
58,0,6,0,36,0.8055555555555556,0.022362463176250458
59,0,6,4,10,0.4,0.12027622759342194
60,0,7,6,36,0.027777777777777776,0.055427081882953644
61,0,7,1,113,0.8053097345132744,0.006040093954652548
62,0,7,8,150,0.5866666666666667,0.008722248487174511
63,0,7,0,41,0.6341463414634146,0.03212405741214752
64,0,7,4,4,0.5,0.2981766164302826
65,0,7,7,21,0.47619047619047616,0.062458645552396774
66,0,7,5,4,0.75,0.08695007115602493
67,0,7,3,10,0.8,0.08323119580745697
68,0,7,2,4,1.0,0.2506829798221588
69,0,8,7,65,0.47692307692307695,0.017456164583563805
70,0,8,4,112,0.35714285714285715,0.012567718513309956
71,0,8,2,41,0.7073170731707317,0.027765661478042603
72,0,8,5,21,0.9523809523809523,0.021212812513113022
73,0,8,0,75,0.7733333333333333,0.01098407432436943
74,0,8,1,12,0.8333333333333334,0.07428498566150665
75,0,8,8,8,0.375,0.18901556730270386
76,0,8,3,13,0.6923076923076923,0.06932467222213745
77,0,8,6,2,0.0,0.9701318144798279
78,0,9,2,23,0.782608695652174,0.04385743290185928
79,0,9,7,99,0.5656565656565656,0.011366242542862892
80,0,9,6,30,0.1,0.06535781174898148
81,0,9,0,27,0.8148148148148148,0.03228234872221947
82,0,9,5,75,0.8133333333333334,0.009507878683507442
83,0,9,4,16,0.5,0.07742778956890106
84,0,9,1,32,0.71875,0.02674894779920578
85,0,9,9,8,0.25,0.2438584566116333
86,0,9,3,2,1.0,0.34980571269989014
87,0,9,8,3,0.6666666666666666,0.29439878463745117
88,0,10,4,38,0.2894736842105263,0.035915110260248184
89,0,10,5,23,1.0,0.017488064244389534
90,0,10,7,131,0.5725190839694656,0.00819262396544218
91,0,10,6,57,0.0,0.034613341093063354
92,0,10,3,32,0.6875,0.03341406211256981
93,0,10,0,9,0.5555555555555556,0.10957424342632294
94,0,10,1,73,0.7945205479452054,0.010257750749588013
95,0,10,2,8,0.875,0.13581575453281403
96,0,11,3,60,0.6666666666666666,0.016324440017342567
97,0,11,8,34,0.7352941176470589,0.032220400869846344
98,0,11,7,30,0.6666666666666666,0.03150190785527229
99,0,11,6,4,0.0,0.42228367924690247
100,0,11,5,77,0.8311688311688312,0.007016237825155258
101,0,11,9,48,0.4166666666666667,0.034836601465940475
102,0,11,2,3,0.3333333333333333,0.45525071024894714
103,0,11,0,16,0.875,0.048294052481651306
104,0,11,4,4,1.0,0.2487582117319107
105,0,12,9,58,0.3620689655172414,0.02933383733034134
106,0,12,8,27,0.4444444444444444,0.05789339542388916
107,0,12,1,70,0.8857142857142857,0.007182581815868616
108,0,12,2,52,0.8076923076923077,0.019758710637688637
109,0,12,5,40,0.85,0.013623868115246296
110,0,12,3,24,0.8333333333333334,0.029336601495742798
111,0,12,6,53,0.0,0.03629755228757858
112,0,12,0,3,1.0,0.27529340982437134
113,0,12,7,10,0.5,0.09580431133508682
114,0,12,4,3,0.3333333333333333,0.7369772791862488
115,0,13,9,128,0.28125,0.014006185345351696
116,0,13,8,33,0.7878787878787878,0.034962695091962814
117,0,13,3,8,0.25,0.20027823746204376
118,0,13,0,10,0.9,0.066676065325737
119,0,13,5,35,0.9428571428571428,0.010173953138291836
120,0,13,4,6,0.0,0.27392578125
121,0,13,6,34,0.029411764705882353,0.05539994314312935
122,0,13,1,5,0.8,0.11404838413000107
123,0,13,7,2,0.5,0.45819342136383057
124,0,13,2,7,0.8571428571428571,0.11697273701429367
125,0,14,5,67,0.8955223880597015,0.006384867709130049
126,0,14,0,40,0.775,0.01908612996339798
127,0,14,3,122,0.680327868852459,0.007326656486839056
128,0,14,2,11,0.8181818181818182,0.09420745819807053
129,0,14,6,65,0.015384615384615385,0.0303631704300642
130,0,14,1,14,0.7142857142857143,0.060120947659015656
131,0,14,7,42,0.6666666666666666,0.02347654290497303
132,0,14,4,6,0.3333333333333333,0.22814033925533295
133,0,15,9,221,0.28054298642533937,0.008371160365641117
134,0,15,2,7,1.0,0.11799599975347519
135,0,15,6,156,0.05128205128205128,0.012141180224716663
136,0,15,8,82,0.6097560975609756,0.015542232431471348
137,0,15,0,29,0.6896551724137931,0.03193337097764015
138,0,15,7,16,0.6875,0.06967137008905411
139,0,15,4,29,0.3793103448275862,0.04789213091135025
140,0,15,5,7,1.0,0.042923420667648315
141,0,15,3,22,0.6818181818181818,0.04373687505722046
142,0,15,1,7,1.0,0.04338306188583374
143,0,16,5,55,0.8545454545454545,0.010174303315579891
144,0,16,7,243,0.5843621399176955,0.004481334704905748
145,0,16,0,34,0.7352941176470589,0.02565598487854004
146,0,16,4,51,0.45098039215686275,0.025493931025266647
147,0,16,3,31,0.6129032258064516,0.03668595477938652
148,0,16,2,13,0.7692307692307693,0.07383772730827332
149,0,16,6,28,0.0,0.06926726549863815
150,0,16,1,5,1.0,0.05409189313650131
151,0,17,5,18,0.9444444444444444,0.029744215309619904
152,0,17,0,17,0.6470588235294118,0.06263485550880432
153,0,17,3,55,0.6,0.017620539292693138
154,0,17,9,147,0.35374149659863946,0.012239009141921997
155,0,17,2,22,0.8636363636363636,0.0460127554833889
156,0,17,6,20,0.1,0.0923757255077362
157,0,17,4,26,0.4230769230769231,0.05477641522884369
158,0,17,1,28,0.8214285714285714,0.023676449432969093
159,0,17,8,5,0.2,0.2731513977050781
160,0,18,3,15,0.7333333333333333,0.05499470978975296
161,0,18,1,34,0.7647058823529411,0.019551841542124748
162,0,18,0,104,0.7980769230769231,0.007268757559359074
163,0,18,8,107,0.5981308411214953,0.012531338259577751
164,0,18,2,27,0.7407407407407407,0.03566282242536545
165,0,18,4,14,0.2857142857142857,0.09672923386096954
166,0,18,9,23,0.43478260869565216,0.07031664252281189
167,0,18,6,5,0.2,0.36137282848358154
168,0,18,7,28,0.5714285714285714,0.034663137048482895
169,0,19,1,29,0.8275862068965517,0.02649337612092495
170,0,19,0,22,0.7727272727272727,0.03881901875138283
171,0,19,2,23,0.8695652173913043,0.0397225059568882
172,0,19,7,73,0.547945205479452,0.014582240022718906
173,0,19,8,15,0.7333333333333333,0.07166150957345963
174,0,19,3,37,0.7027027027027027,0.024447321891784668
175,0,19,5,27,0.9629629629629629,0.015614648349583149
176,0,19,9,34,0.2647058823529412,0.05329475179314613
177,0,19,4,12,0.3333333333333333,0.11617782711982727
178,0,19,6,3,0.0,0.5626876950263977
179,0,20,2,134,0.7910447761194029,0.007490668911486864
180,0,20,5,29,0.7586206896551724,0.023488061502575874
181,0,20,7,73,0.5753424657534246,0.014920946210622787
182,0,20,3,20,0.65,0.04698188230395317
183,0,20,8,86,0.6511627906976745,0.01477819960564375
184,0,20,6,30,0.1,0.06424198299646378
185,0,20,0,14,0.9285714285714286,0.03682572767138481
186,0,20,4,12,0.5,0.10198069363832474
187,0,20,1,4,1.0,0.14289703965187073
188,0,21,7,41,0.6097560975609756,0.026079878211021423
189,0,21,1,63,0.873015873015873,0.009370394982397556
190,0,21,5,57,0.9298245614035088,0.007750238291919231
191,0,21,4,40,0.375,0.034350719302892685
192,0,21,0,29,0.8275862068965517,0.026433564722537994
193,0,21,9,18,0.5,0.09548443555831909
194,0,21,6,41,0.07317073170731707,0.04565989226102829
195,0,21,8,9,0.7777777777777778,0.15092754364013672
196,0,21,2,22,0.7727272727272727,0.04270808398723602
197,0,21,3,4,0.5,0.2547975182533264
198,0,22,4,24,0.5,0.05457455292344093
199,0,22,5,100,0.9,0.004626347683370113
200,0,22,2,42,0.7857142857142857,0.02434370294213295
201,0,22,3,84,0.5595238095238095,0.013061621226370335
202,0,22,7,36,0.5833333333333334,0.030196262523531914
203,0,22,6,43,0.06976744186046512,0.04441387951374054
204,0,22,1,17,0.8823529411764706,0.035868749022483826
205,0,22,0,4,1.0,0.09397011250257492
206,0,23,2,37,0.7567567567567568,0.029769230633974075
207,0,23,8,59,0.5932203389830508,0.021808477118611336
208,0,23,4,142,0.4154929577464789,0.010636347346007824
209,0,23,1,23,0.8695652173913043,0.022249240428209305
210,0,23,5,7,0.8571428571428571,0.06038845703005791
211,0,23,6,12,0.16666666666666666,0.15389280021190643
212,0,23,0,8,0.75,0.14075882732868195
213,0,23,3,13,0.8461538461538461,0.06707603484392166
214,0,23,9,2,1.0,0.6387010812759399
215,0,23,7,1,0.0,2.771967649459839
216,0,24,5,64,0.859375,0.008080396801233292
217,0,24,8,77,0.5194805194805194,0.019374974071979523
218,0,24,9,68,0.3088235294117647,0.02775813825428486
219,0,24,7,47,0.48936170212765956,0.0237907525151968
220,0,24,1,44,0.8181818181818182,0.019284769892692566
221,0,24,6,12,0.08333333333333333,0.1525985300540924
222,0,24,4,30,0.3333333333333333,0.05179416388273239
223,0,24,3,7,0.7142857142857143,0.15251922607421875
224,0,24,2,25,0.72,0.042391758412122726
225,0,24,0,4,1.0,0.15643243491649628
226,0,25,0,21,0.8571428571428571,0.03573719039559364
227,0,25,8,155,0.6064516129032258,0.008238323964178562
228,0,25,2,15,0.8,0.06042327359318733
229,0,25,3,36,0.7222222222222222,0.025781534612178802
230,0,25,9,40,0.4,0.042525775730609894
231,0,25,7,3,0.6666666666666666,0.26421812176704407
232,0,25,6,30,0.0,0.06355138123035431
233,0,25,4,5,0.6,0.1970309466123581
234,0,25,5,6,1.0,0.059119973331689835
235,0,25,1,2,1.0,0.06388213485479355
236,0,26,1,78,0.8461538461538461,0.007885325700044632
237,0,26,3,174,0.6379310344827587,0.005575095769017935
238,0,26,2,35,0.7142857142857143,0.02778693474829197
239,0,26,0,28,0.75,0.03433210775256157
240,0,26,4,36,0.5833333333333334,0.032748933881521225
241,0,27,4,71,0.4225352112676056,0.01886843703687191
242,0,27,1,11,1.0,0.020655415952205658
243,0,27,7,6,0.5,0.20507587492465973
244,0,27,0,13,0.7692307692307693,0.0690934807062149
245,0,27,2,10,0.9,0.09754910320043564
246,0,27,9,61,0.36065573770491804,0.027310684323310852
247,0,27,5,30,0.8666666666666667,0.020519254729151726
248,0,27,6,11,0.18181818181818182,0.19140158593654633
249,0,27,3,18,0.3888888888888889,0.06009747460484505
250,0,27,8,1,0.0,2.41007661819458
251,0,28,6,186,0.026881720430107527,0.010162037797272205
252,0,28,2,24,0.6666666666666666,0.040143631398677826
253,0,28,0,99,0.7474747474747475,0.00955150742083788
254,0,28,3,27,0.4444444444444444,0.04033323749899864
255,0,28,5,7,0.7142857142857143,0.1112104281783104
256,0,28,4,6,0.8333333333333334,0.22509892284870148
257,0,28,1,2,0.5,0.34317225217819214
258,0,29,5,35,0.8285714285714286,0.0151069900020957
259,0,29,4,67,0.40298507462686567,0.019682491198182106
260,0,29,1,62,0.8548387096774194,0.008477231487631798
261,0,29,0,94,0.723404255319149,0.010182281956076622
262,0,29,6,20,0.0,0.09933332353830338
263,0,29,8,67,0.5373134328358209,0.019602015614509583
264,0,29,2,14,0.9285714285714286,0.0582495853304863
265,0,29,7,11,0.7272727272727273,0.10238182544708252
266,0,29,3,13,0.38461538461538464,0.09078765660524368
267,0,30,6,46,0.043478260869565216,0.04158170148730278
268,0,30,7,15,0.4666666666666667,0.10182689875364304
269,0,30,8,50,0.48,0.027822578325867653
270,0,30,0,2,0.0,1.1647987365722656
271,0,30,5,36,0.9166666666666666,0.012684482149779797
272,0,30,3,6,0.8333333333333334,0.1530071645975113
273,0,30,1,10,0.9,0.031556472182273865
274,0,30,2,15,0.8,0.07401730120182037
275,0,30,9,2,0.0,0.8828595280647278
276,0,31,9,225,0.3022222222222222,0.007939422503113747
277,0,31,8,95,0.6631578947368421,0.012632460333406925
278,0,31,5,37,0.8378378378378378,0.011021554470062256
279,0,31,3,28,0.75,0.029486846178770065
280,0,31,0,7,0.5714285714285714,0.15742480754852295
281,0,31,4,27,0.4444444444444444,0.04782655090093613
282,0,31,2,8,0.75,0.15568572282791138
283,0,31,7,36,0.6111111111111112,0.028458012267947197
284,0,31,6,31,0.12903225806451613,0.06022685021162033
285,0,31,1,2,1.0,0.12953351438045502
286,0,32,0,12,0.9166666666666666,0.04185174033045769
287,0,32,4,59,0.3728813559322034,0.0244688019156456
288,0,32,5,148,0.8783783783783784,0.0032670272048562765
289,0,32,3,20,0.4,0.05688954517245293
290,0,32,2,86,0.7441860465116279,0.012101040221750736
291,0,32,1,67,0.8955223880597015,0.0078107197768986225
292,0,33,1,26,0.7307692307692307,0.03860294073820114
293,0,33,7,108,0.5370370370370371,0.010363875888288021
294,0,33,3,59,0.7288135593220338,0.014835048466920853
295,0,33,0,52,0.8076923076923077,0.0173121877014637
296,0,33,5,63,0.8571428571428571,0.008240670897066593
297,0,33,6,20,0.15,0.0872909277677536
298,0,33,4,63,0.47619047619047616,0.020399022847414017
299,0,33,2,34,0.7058823529411765,0.03564659133553505
300,0,34,7,60,0.45,0.01992594078183174
301,0,34,1,113,0.8672566371681416,0.004818749148398638
302,0,34,3,19,0.6842105263157895,0.046954311430454254
303,0,34,9,51,0.27450980392156865,0.034250710159540176
304,0,34,0,7,0.8571428571428571,0.05422308295965195
305,0,34,8,19,0.5263157894736842,0.07587166875600815
306,0,34,4,6,0.6666666666666666,0.18994100391864777
307,0,34,6,9,0.0,0.22789818048477173
308,0,34,2,3,1.0,0.1745508760213852
309,0,35,0,131,0.7175572519083969,0.007198028266429901
310,0,35,6,89,0.033707865168539325,0.02158910594880581
311,0,35,4,129,0.4496124031007752,0.010675386525690556
312,0,35,3,20,0.65,0.051696717739105225
313,0,35,1,30,0.8333333333333334,0.02070242166519165
314,0,35,2,18,0.8333333333333334,0.049451857805252075
315,0,35,5,15,0.8666666666666667,0.033854540437459946
316,0,36,3,29,0.7586206896551724,0.03285403549671173
317,0,36,5,16,0.8125,0.039119962602853775
318,0,36,2,96,0.7291666666666666,0.01030079834163189
319,0,36,0,55,0.7454545454545455,0.01597483456134796
320,0,36,6,52,0.038461538461538464,0.036900803446769714
321,0,36,4,17,0.4117647058823529,0.08196263015270233
322,0,36,9,40,0.425,0.043417397886514664
323,0,36,7,10,0.4,0.10499463975429535
324,0,36,8,32,0.625,0.04284696653485298
325,0,36,1,14,1.0,0.025321004912257195
326,0,37,6,121,0.04132231404958678,0.015268071554601192
327,0,37,3,85,0.6823529411764706,0.01079282071441412
328,0,37,1,87,0.7931034482758621,0.008233077824115753
329,0,37,4,69,0.4927536231884058,0.017418427392840385
330,0,37,0,32,0.65625,0.0325516052544117
331,0,37,2,35,0.8571428571428571,0.02695155330002308
332,0,37,5,24,0.875,0.025981860235333443
333,0,38,1,31,0.9032258064516129,0.018310094252228737
334,0,38,0,31,0.7419354838709677,0.027516014873981476
335,0,38,9,14,0.5,0.13654252886772156
336,0,38,6,23,0.0,0.08628503978252411
337,0,38,8,32,0.65625,0.03595244884490967
338,0,38,3,38,0.5,0.028687601909041405
339,0,38,5,10,0.9,0.06573135405778885
340,0,38,7,6,0.6666666666666666,0.17321081459522247
341,0,38,2,11,0.7272727272727273,0.08830901235342026
342,0,38,4,1,0.0,1.1026930809020996
343,0,39,9,17,0.11764705882352941,0.11144421249628067
344,0,39,4,49,0.2653061224489796,0.031211331486701965
345,0,39,5,14,0.6428571428571429,0.05403422564268112
346,0,39,1,24,0.6666666666666666,0.044617895036935806
347,0,39,0,21,0.6190476190476191,0.061442017555236816
348,0,39,6,45,0.022222222222222223,0.04146678373217583
349,0,39,8,17,0.4117647058823529,0.07837551087141037
350,0,39,7,58,0.4827586206896552,0.019160587340593338
351,0,39,2,24,0.8333333333333334,0.0392228439450264
352,0,39,3,7,0.5714285714285714,0.17887543141841888
353,0,40,9,54,0.2962962962962963,0.034532226622104645
354,0,40,7,34,0.6470588235294118,0.031372882425785065
355,0,40,2,56,0.8214285714285714,0.016621042042970657
356,0,40,8,35,0.6,0.03850584104657173
357,0,40,1,31,0.6774193548387096,0.030083807185292244
358,0,40,4,4,0.25,0.3371420204639435
359,0,40,3,3,0.6666666666666666,0.25942501425743103
360,0,40,6,1,0.0,1.6353142261505127
361,0,40,0,4,0.25,0.3810264468193054
362,0,41,8,62,0.5806451612903226,0.02283565327525139
363,0,41,9,24,0.2916666666666667,0.06996268033981323
364,0,41,2,47,0.7446808510638298,0.02104831486940384
365,0,41,0,10,0.9,0.06626609712839127
366,0,41,7,7,0.2857142857142857,0.2108432501554489
367,0,41,4,2,0.5,0.526593804359436
368,0,41,5,7,1.0,0.04268394783139229
369,0,41,3,11,0.6363636363636364,0.09316208958625793
370,0,41,6,3,0.0,0.6703031063079834
371,0,42,0,131,0.7938931297709924,0.006845234427601099
372,0,42,1,58,0.8448275862068966,0.010324180126190186
373,0,42,5,56,0.9285714285714286,0.00747910188511014
374,0,42,4,31,0.3548387096774194,0.04123483970761299
375,0,42,9,94,0.2872340425531915,0.01908757910132408
376,0,42,6,29,0.034482758620689655,0.07002346962690353
377,0,42,8,3,1.0,0.2807135581970215
378,0,42,2,33,0.7878787878787878,0.03135981783270836
379,0,42,7,2,1.0,0.3785635232925415
380,0,42,3,2,1.0,0.34437572956085205
381,0,43,0,20,1.0,0.027837853878736496
382,0,43,2,4,0.75,0.20713388919830322
383,0,43,3,8,0.625,0.1302020400762558
384,0,43,4,92,0.4891304347826087,0.014549052342772484
385,0,43,6,57,0.05263157894736842,0.033589236438274384
386,0,43,9,32,0.40625,0.05275866389274597
387,0,43,7,26,0.46153846153846156,0.043320175260305405
388,0,43,5,6,1.0,0.05384616553783417
389,0,43,1,33,0.8484848484848485,0.018680179491639137
390,0,43,8,5,1.0,0.1692970097064972
391,0,44,2,42,0.7380952380952381,0.025553379207849503
392,0,44,9,123,0.3333333333333333,0.013896532356739044
393,0,44,6,75,0.08,0.024650439620018005
394,0,44,1,37,0.8108108108108109,0.019113771617412567
395,0,44,4,63,0.5079365079365079,0.021155262365937233
396,0,44,5,37,1.0,0.010656085796654224
397,0,44,0,25,0.72,0.035039499402046204
398,0,44,3,12,0.6666666666666666,0.09180145710706711
399,0,44,7,10,0.3,0.1305208057165146
400,0,44,8,4,0.5,0.358137309551239
401,0,45,2,148,0.8378378378378378,0.006639829836785793
402,0,45,4,59,0.4406779661016949,0.024120906367897987
403,0,45,1,102,0.7843137254901961,0.007400423288345337
404,0,45,0,32,0.75,0.030381714925169945
405,0,45,3,22,0.7272727272727273,0.03847531974315643
406,0,46,9,41,0.21951219512195122,0.04575544595718384
407,0,46,2,26,0.8076923076923077,0.03818127140402794
408,0,46,3,56,0.7678571428571429,0.016365468502044678
409,0,46,1,6,0.6666666666666666,0.24263326823711395
410,0,46,4,60,0.4,0.02298450469970703
411,0,46,7,30,0.7,0.03648119419813156
412,0,46,0,16,0.875,0.051001984626054764
413,0,46,8,52,0.5961538461538461,0.02648167498409748
414,0,46,5,5,0.6,0.1683083474636078
415,0,46,6,7,0.14285714285714285,0.22985360026359558
416,0,47,5,13,0.6923076923076923,0.05140463635325432
417,0,47,8,38,0.7105263157894737,0.029046466574072838
418,0,47,7,22,0.5,0.048326730728149414
419,0,47,2,99,0.7474747474747475,0.01034130435436964
420,0,47,3,129,0.6356589147286822,0.007798962760716677
421,0,47,4,23,0.4782608695652174,0.05716967210173607
422,0,47,1,31,0.9354838709677419,0.016736160963773727
423,0,47,6,4,0.0,0.5208873748779297
424,0,48,8,99,0.5858585858585859,0.01367842685431242
425,0,48,2,46,0.8043478260869565,0.021262293681502342
426,0,48,5,19,0.8421052631578947,0.026845568791031837
427,0,48,4,20,0.55,0.06511842459440231
428,0,48,0,79,0.7848101265822784,0.011746993288397789
429,0,48,7,28,0.6428571428571429,0.03404052183032036
430,0,48,3,17,0.6470588235294118,0.05561115965247154
431,0,48,6,29,0.034482758620689655,0.06699038296937943
432,0,48,1,11,1.0,0.0339014045894146
433,0,49,7,67,0.5671641791044776,0.015694042667746544
434,0,49,0,33,0.7575757575757576,0.026621339842677116
435,0,49,3,75,0.64,0.014376127161085606
436,0,49,6,90,0.022222222222222223,0.02117534913122654
437,0,49,8,100,0.6,0.013353514485061169
438,0,49,5,36,0.8611111111111112,0.01723582111299038
439,0,49,4,19,0.21052631578947367,0.0850803405046463
440,0,49,1,13,0.7692307692307693,0.034933723509311676
441,0,49,2,9,0.6666666666666666,0.1110110953450203
442,1,0,1,77,0.0,0.0607735700905323
443,1,0,8,67,0.0,0.07313334196805954
444,1,0,2,30,0.0,0.38108518719673157
445,1,0,5,21,0.0,0.40770021080970764
446,1,0,4,101,0.13861386138613863,0.04669656231999397
447,1,0,7,48,0.0,0.1413324624300003
448,1,0,3,15,0.0,0.3104451596736908
449,1,0,6,13,0.0,0.5273280739784241
450,1,1,5,124,0.8709677419354839,0.002114329719915986
451,1,1,0,127,0.8267716535433071,0.004549590405076742
452,1,1,2,68,0.6764705882352942,0.014057133346796036
453,1,1,4,13,0.7692307692307693,0.051904406398534775
454,1,1,3,40,0.775,0.015463927760720253
455,1,1,1,3,1.0,0.012326314114034176
456,1,2,8,114,0.8245614035087719,0.006222630850970745
457,1,2,7,21,0.9047619047619048,0.01620946265757084
458,1,2,5,31,1.0,0.0039133839309215546
459,1,2,2,134,0.7014925373134329,0.006284727714955807
460,1,2,4,8,1.0,0.06840796768665314
461,1,2,3,53,0.8490566037735849,0.011833812110126019
462,1,2,1,21,0.9523809523809523,0.00535992905497551
463,1,2,0,12,1.0,0.014518343843519688
464,1,2,6,4,0.25,0.3315461277961731
465,1,3,2,3,0.6666666666666666,0.3453981876373291
466,1,3,1,95,0.9789473684210527,0.0008631545351818204
467,1,3,8,47,0.8723404255319149,0.010938520543277264
468,1,3,7,8,0.875,0.042113643139600754
469,1,3,3,2,0.5,0.3243803381919861
470,1,3,9,5,0.8,0.13281723856925964
471,1,3,4,9,0.6666666666666666,0.07868844270706177
472,1,3,5,2,1.0,0.1418922245502472
473,1,3,0,3,0.6666666666666666,0.4861828088760376
474,1,3,6,1,0.0,1.2303097248077393
475,1,4,4,57,0.6491228070175439,0.015027969144284725
476,1,4,3,13,0.6153846153846154,0.07127999514341354
477,1,4,7,16,0.9375,0.01652739942073822
478,1,4,6,63,0.1111111111111111,0.02625080570578575
479,1,4,0,34,0.8235294117647058,0.0214704480022192
480,1,4,8,22,0.6363636363636364,0.036662086844444275
481,1,4,5,75,0.9066666666666666,0.0033611503895372152
482,1,4,9,40,0.775,0.016699954867362976
483,1,4,1,5,1.0,0.007791593670845032
484,1,4,2,3,0.6666666666666666,0.18553990125656128
485,1,5,9,70,0.7285714285714285,0.009218583814799786
486,1,5,1,59,0.9491525423728814,0.003412123303860426
487,1,5,7,23,0.9130434782608695,0.01201588287949562
488,1,5,4,38,0.7894736842105263,0.017598073929548264
489,1,5,6,19,0.05263157894736842,0.09634055942296982
490,1,5,3,10,0.8,0.057816244661808014
491,1,5,0,26,0.7692307692307693,0.02466273121535778
492,1,5,2,17,0.7647058823529411,0.058749862015247345
493,1,5,5,60,0.8833333333333333,0.006628958974033594
494,1,5,8,5,1.0,0.07775364816188812
495,1,6,7,103,0.883495145631068,0.0039627826772630215
496,1,6,0,36,0.8611111111111112,0.012473169714212418
497,1,6,1,65,0.8769230769230769,0.006312969606369734
498,1,6,5,88,0.875,0.0031473063863813877
499,1,6,3,36,0.75,0.020123191177845
500,1,6,2,22,0.5454545454545454,0.04581654444336891
501,1,6,4,10,0.7,0.06381513178348541
502,1,7,6,36,0.1111111111111111,0.05537201091647148
503,1,7,1,113,0.8938053097345132,0.002661846810951829
504,1,7,7,21,0.6666666666666666,0.03031407669186592
505,1,7,8,150,0.8333333333333334,0.004250757861882448
506,1,7,0,41,0.6829268292682927,0.02433144859969616
507,1,7,5,4,1.0,0.042450178414583206
508,1,7,4,4,0.5,0.20622169971466064
509,1,7,2,4,1.0,0.23904412984848022
510,1,7,3,10,0.9,0.05217432975769043
511,1,8,4,112,0.8303571428571429,0.00635541183874011
512,1,8,7,65,0.8461538461538461,0.005907032638788223
513,1,8,2,41,0.6585365853658537,0.02549235336482525
514,1,8,0,75,0.8133333333333334,0.007031755521893501
515,1,8,3,13,0.8461538461538461,0.05707516148686409
516,1,8,5,21,0.9523809523809523,0.00913515966385603
517,1,8,1,12,0.8333333333333334,0.03463859111070633
518,1,8,8,8,0.875,0.09282248467206955
519,1,8,6,2,0.5,0.7161818742752075
520,1,9,6,30,0.1,0.06001550331711769
521,1,9,7,99,0.8585858585858586,0.004905290901660919
522,1,9,0,27,0.8518518518518519,0.01916598342359066
523,1,9,5,75,0.8133333333333334,0.006570155266672373
524,1,9,2,23,0.5652173913043478,0.04741370677947998
525,1,9,1,32,0.875,0.01471374649554491
526,1,9,4,16,0.6875,0.04605571925640106
527,1,9,9,8,0.75,0.12040264904499054
528,1,9,8,3,1.0,0.0664454847574234
529,1,9,3,2,1.0,0.11713072657585144
530,1,10,3,32,0.6875,0.027510177344083786
531,1,10,6,57,0.017543859649122806,0.03225988522171974
532,1,10,1,73,0.8767123287671232,0.005352278705686331
533,1,10,4,38,0.5789473684210527,0.023501554504036903
534,1,10,7,131,0.8396946564885496,0.00320506002753973
535,1,10,5,23,0.9565217391304348,0.007501867599785328
536,1,10,0,9,0.5555555555555556,0.10052553564310074
537,1,10,2,8,0.75,0.12500028312206268
538,1,11,3,60,0.7833333333333333,0.013444080017507076
539,1,11,8,34,0.9411764705882353,0.012537713162600994
540,1,11,5,77,0.8701298701298701,0.004868726246058941
541,1,11,9,48,0.8958333333333334,0.008353347890079021
542,1,11,7,30,0.9666666666666667,0.009127539582550526
543,1,11,0,16,0.9375,0.031669940799474716
544,1,11,2,3,0.6666666666666666,0.4609152376651764
545,1,11,6,4,0.0,0.41110771894454956
546,1,11,4,4,1.0,0.07350492477416992
547,1,12,9,58,0.7931034482758621,0.009679261595010757
548,1,12,6,53,0.09433962264150944,0.03595665842294693
549,1,12,1,70,0.9571428571428572,0.0018688625423237681
550,1,12,2,52,0.7115384615384616,0.020032484084367752
551,1,12,3,24,0.875,0.018633069470524788
552,1,12,8,27,0.7777777777777778,0.03088708221912384
553,1,12,5,40,0.775,0.009031387977302074
554,1,12,7,10,1.0,0.027627166360616684
555,1,12,4,3,0.3333333333333333,0.5492904782295227
556,1,12,0,3,1.0,0.14581792056560516
557,1,13,2,7,0.8571428571428571,0.1016576737165451
558,1,13,9,128,0.75,0.005546621512621641
559,1,13,0,10,0.9,0.03628882020711899
560,1,13,6,34,0.029411764705882353,0.0551384836435318
561,1,13,8,33,0.8787878787878788,0.017768558114767075
562,1,13,5,35,0.8857142857142857,0.008207805454730988
563,1,13,3,8,0.5,0.19184012711048126
564,1,13,1,5,1.0,0.03979005664587021
565,1,13,4,6,0.6666666666666666,0.14284861087799072
566,1,13,7,2,1.0,0.2229067087173462
567,1,14,7,42,0.9285714285714286,0.007492930628359318
568,1,14,3,122,0.7950819672131147,0.005140451714396477
569,1,14,5,67,0.9253731343283582,0.0035694711841642857
570,1,14,0,40,0.875,0.012352720834314823
571,1,14,6,65,0.07692307692307693,0.028584731742739677
572,1,14,4,6,0.5,0.1766141802072525
573,1,14,2,11,0.6363636363636364,0.08303956687450409
574,1,14,1,14,0.8571428571428571,0.01819692552089691
575,1,15,8,82,0.8658536585365854,0.006364421918988228
576,1,15,6,156,0.10897435897435898,0.01116392482072115
577,1,15,9,221,0.7737556561085973,0.003068389603868127
578,1,15,4,29,0.7586206896551724,0.02665458619594574
579,1,15,3,22,0.7727272727272727,0.0324745811522007
580,1,15,0,29,0.7586206896551724,0.023502837866544724
581,1,15,1,7,1.0,0.0013332889648154378
582,1,15,7,16,0.9375,0.024804970249533653
583,1,15,5,7,1.0,0.026014259085059166
584,1,15,2,7,0.8571428571428571,0.10018105804920197
585,1,16,6,28,0.03571428571428571,0.06217798590660095
586,1,16,0,34,0.7941176470588235,0.018629761412739754
587,1,16,7,243,0.8806584362139918,0.0016302323201671243
588,1,16,5,55,0.9090909090909091,0.005924032535403967
589,1,16,3,31,0.7096774193548387,0.032541673630476
590,1,16,4,51,0.7450980392156863,0.013521295972168446
591,1,16,2,13,0.5384615384615384,0.07955431938171387
592,1,16,1,5,1.0,0.0026941278483718634
593,1,17,3,55,0.6909090909090909,0.012975873425602913
594,1,17,1,28,0.9285714285714286,0.010026452131569386
595,1,17,9,147,0.7482993197278912,0.004782248754054308
596,1,17,4,26,0.8076923076923077,0.03076724335551262
597,1,17,6,20,0.1,0.08755804598331451
598,1,17,2,22,0.6818181818181818,0.04085564985871315
599,1,17,0,17,0.8235294117647058,0.0424005389213562
600,1,17,5,18,0.9444444444444444,0.021255092695355415
601,1,17,8,5,1.0,0.14026157557964325
602,1,18,2,27,0.5925925925925926,0.03467080369591713
603,1,18,0,104,0.875,0.004497451242059469
604,1,18,3,15,0.8,0.03590034693479538
605,1,18,8,107,0.8317757009345794,0.0060827527195215225
606,1,18,7,28,0.9642857142857143,0.008740528486669064
607,1,18,4,14,0.6428571428571429,0.06359776109457016
608,1,18,1,34,0.9411764705882353,0.004265157505869865
609,1,18,9,23,0.9565217391304348,0.01777300424873829
610,1,18,6,5,0.2,0.2988215982913971
611,1,19,3,37,0.7837837837837838,0.019170861691236496
612,1,19,5,27,0.9259259259259259,0.00908348336815834
613,1,19,2,23,0.6956521739130435,0.040075577795505524
614,1,19,7,73,0.9041095890410958,0.004808243829756975
615,1,19,1,29,0.8620689655172413,0.01567963883280754
616,1,19,9,34,0.6470588235294118,0.025874603539705276
617,1,19,0,22,0.8636363636363636,0.021681737154722214
618,1,19,8,15,0.8666666666666667,0.03458559140563011
619,1,19,6,3,0.3333333333333333,0.5293920636177063
620,1,19,4,12,0.75,0.07230295985937119
621,1,20,2,134,0.6417910447761194,0.007380140013992786
622,1,20,0,14,0.9285714285714286,0.02459794655442238
623,1,20,6,30,0.1,0.06286583095788956
624,1,20,8,86,0.8023255813953488,0.007888879626989365
625,1,20,4,12,0.5833333333333334,0.06374575942754745
626,1,20,7,73,0.863013698630137,0.005658631678670645
627,1,20,5,29,0.7931034482758621,0.02232613041996956
628,1,20,3,20,0.85,0.028453607112169266
629,1,20,1,4,1.0,0.010952858254313469
630,1,21,4,40,0.725,0.021383877843618393
631,1,21,7,41,0.8048780487804879,0.010144327767193317
632,1,21,6,41,0.14634146341463414,0.04375744238495827
633,1,21,5,57,0.9122807017543859,0.004237236455082893
634,1,21,0,29,0.896551724137931,0.014842946082353592
635,1,21,1,63,0.9206349206349206,0.003679094836115837
636,1,21,3,4,0.5,0.31074056029319763
637,1,21,8,9,1.0,0.059487536549568176
638,1,21,9,18,0.7777777777777778,0.03480091318488121
639,1,21,2,22,0.7727272727272727,0.04033003747463226
640,1,22,2,42,0.6428571428571429,0.022588107734918594
641,1,22,4,24,0.625,0.03425125032663345
642,1,22,3,84,0.6428571428571429,0.010608400218188763
643,1,22,7,36,0.8888888888888888,0.011146089062094688
644,1,22,5,100,0.91,0.002945693675428629
645,1,22,1,17,0.9411764705882353,0.007797697093337774
646,1,22,6,43,0.18604651162790697,0.04021277651190758
647,1,22,0,4,1.0,0.0223864633589983
648,1,23,1,23,0.9130434782608695,0.009877991862595081
649,1,23,8,59,0.847457627118644,0.011523394845426083
650,1,23,2,37,0.5945945945945946,0.03037012554705143
651,1,23,6,12,0.16666666666666666,0.1423463523387909
652,1,23,4,142,0.7183098591549296,0.005917684640735388
653,1,23,3,13,0.8461538461538461,0.045556578785181046
654,1,23,9,2,1.0,0.08123309910297394
655,1,23,5,7,0.8571428571428571,0.037821877747774124
656,1,23,0,8,0.75,0.08153940737247467
657,1,23,7,1,0.0,1.581497073173523
658,1,24,1,44,0.8636363636363636,0.013042734004557133
659,1,24,5,64,0.890625,0.005324595607817173
660,1,24,9,68,0.6764705882352942,0.011788856238126755
661,1,24,2,25,0.64,0.0395868644118309
662,1,24,8,77,0.7922077922077922,0.010579121299088001
663,1,24,3,7,0.7142857142857143,0.10209856182336807
664,1,24,7,47,0.851063829787234,0.008224337361752987
665,1,24,4,30,0.7333333333333333,0.025260958820581436
666,1,24,6,12,0.16666666666666666,0.12674033641815186
667,1,24,0,4,1.0,0.0543789342045784
668,1,25,8,155,0.7935483870967742,0.004311280325055122
669,1,25,7,3,1.0,0.03143187239766121
670,1,25,9,40,0.9,0.012533215805888176
671,1,25,3,36,0.75,0.019604993984103203
672,1,25,5,6,1.0,0.016189008951187134
673,1,25,0,21,0.8095238095238095,0.024047937244176865
674,1,25,6,30,0.0,0.057401154190301895
675,1,25,4,5,0.6,0.14406540989875793
676,1,25,1,2,1.0,0.0008125787135213614
677,1,25,2,15,0.7333333333333333,0.053389910608530045
678,1,26,1,78,0.8974358974358975,0.003965009935200214
679,1,26,3,174,0.7816091954022989,0.004104317631572485
680,1,26,4,36,0.8333333333333334,0.017041563987731934
681,1,26,2,35,0.7428571428571429,0.0245504230260849
682,1,26,0,28,0.7857142857142857,0.02583955228328705
683,1,27,9,61,0.819672131147541,0.009365006349980831
684,1,27,3,18,0.6111111111111112,0.05880271643400192
685,1,27,4,71,0.7464788732394366,0.01061098463833332
686,1,27,1,11,1.0,0.0006587036186829209
687,1,27,0,13,0.7692307692307693,0.05062585696578026
688,1,27,6,11,0.09090909090909091,0.19384461641311646
689,1,27,2,10,0.7,0.08482997119426727
690,1,27,5,30,0.8333333333333334,0.014727645553648472
691,1,27,8,1,1.0,0.5942811965942383
692,1,27,7,6,1.0,0.04894605278968811
693,1,28,0,99,0.7878787878787878,0.006586522329598665
694,1,28,6,186,0.0913978494623656,0.009609016589820385
695,1,28,3,27,0.7407407407407407,0.027257096022367477
696,1,28,2,24,0.5833333333333334,0.03990522027015686
697,1,28,4,6,0.8333333333333334,0.11963736265897751
698,1,28,5,7,0.7142857142857143,0.1171879693865776
699,1,28,1,2,0.5,0.20243346691131592
700,1,29,1,62,0.9838709677419355,0.0016789983492344618
701,1,29,0,94,0.776595744680851,0.00849013403058052
702,1,29,8,67,0.8805970149253731,0.008650338277220726
703,1,29,3,13,0.6153846153846154,0.08000780642032623
704,1,29,4,67,0.6865671641791045,0.011397071182727814
705,1,29,5,35,0.9142857142857143,0.0075172800570726395
706,1,29,2,14,0.8571428571428571,0.05071544647216797
707,1,29,7,11,0.9090909090909091,0.04495161399245262
708,1,29,6,20,0.1,0.09455522149801254
709,1,30,5,36,0.9166666666666666,0.0069538140669465065
710,1,30,8,50,0.8,0.015661919489502907
711,1,30,7,15,0.6666666666666666,0.051504313945770264
712,1,30,6,46,0.043478260869565216,0.04013628140091896
713,1,30,1,10,1.0,0.0029364023357629776
714,1,30,3,6,0.8333333333333334,0.11407958716154099
715,1,30,2,15,0.8,0.06784651428461075
716,1,30,9,2,0.5,0.3838450610637665
717,1,30,0,2,0.0,1.326176404953003
718,1,31,3,28,0.8214285714285714,0.020591963082551956
719,1,31,9,225,0.7733333333333333,0.002941710641607642
720,1,31,4,27,0.8148148148148148,0.025500178337097168
721,1,31,7,36,0.9444444444444444,0.008715853095054626
722,1,31,8,95,0.8421052631578947,0.006531274877488613
723,1,31,2,8,0.5,0.15713024139404297
724,1,31,1,2,1.0,0.024538980796933174
725,1,31,5,37,0.8918918918918919,0.007189664524048567
726,1,31,6,31,0.06451612903225806,0.05657355487346649
727,1,31,0,7,0.7142857142857143,0.14802460372447968
728,1,32,1,67,0.9402985074626866,0.0021127506624907255
729,1,32,2,86,0.627906976744186,0.012158719822764397
730,1,32,5,148,0.8918918918918919,0.002115834504365921
731,1,32,3,20,0.65,0.04857199639081955
732,1,32,0,12,1.0,0.01564013585448265
733,1,32,4,59,0.7288135593220338,0.014329583384096622
734,1,33,6,20,0.2,0.08180969953536987
735,1,33,2,34,0.5882352941176471,0.03442356735467911
736,1,33,7,108,0.8796296296296297,0.003962492570281029
737,1,33,0,52,0.8269230769230769,0.013864652253687382
738,1,33,3,59,0.8135593220338984,0.010359609499573708
739,1,33,5,63,0.9206349206349206,0.004144757520407438
740,1,33,4,63,0.7619047619047619,0.009830903261899948
741,1,33,1,26,0.8846153846153846,0.0236465223133564
742,1,34,7,60,0.8333333333333334,0.008732794784009457
743,1,34,4,6,1.0,0.08151816576719284
744,1,34,9,51,0.7254901960784313,0.012732107192277908
745,1,34,1,113,0.9469026548672567,0.0016549909487366676
746,1,34,8,19,0.7368421052631579,0.040334176272153854
747,1,34,3,19,0.631578947368421,0.042712025344371796
748,1,34,0,7,0.8571428571428571,0.031986016780138016
749,1,34,2,3,1.0,0.11829403042793274
750,1,34,6,9,0.0,0.24592924118041992
751,1,35,3,20,0.85,0.0320846363902092
752,1,35,0,131,0.8015267175572519,0.0059051429852843285
753,1,35,4,129,0.7674418604651163,0.005838804878294468
754,1,35,6,89,0.0898876404494382,0.019594447687268257
755,1,35,5,15,0.8,0.02763313055038452
756,1,35,2,18,0.7222222222222222,0.04914100468158722
757,1,35,1,30,0.9,0.008847424760460854
758,1,36,0,55,0.8,0.010356049053370953
759,1,36,8,32,0.78125,0.023347780108451843
760,1,36,4,17,0.8823529411764706,0.03928408399224281
761,1,36,6,52,0.07692307692307693,0.03541313111782074
762,1,36,2,96,0.5729166666666666,0.010208690539002419
763,1,36,9,40,0.725,0.015883268788456917
764,1,36,3,29,0.6896551724137931,0.029328463599085808
765,1,36,7,10,1.0,0.027401257306337357
766,1,36,1,14,1.0,0.0017776743043214083
767,1,36,5,16,0.75,0.029438737779855728
768,1,37,3,85,0.788235294117647,0.007970682345330715
769,1,37,4,69,0.782608695652174,0.008692052215337753
770,1,37,0,32,0.75,0.023474181070923805
771,1,37,6,121,0.05785123966942149,0.014292208477854729
772,1,37,5,24,0.875,0.020813018083572388
773,1,37,1,87,0.9080459770114943,0.003834359347820282
774,1,37,2,35,0.6571428571428571,0.025314876809716225
775,1,38,0,31,0.8709677419354839,0.017826339229941368
776,1,38,3,38,0.6842105263157895,0.022708609700202942
777,1,38,8,32,0.875,0.016565652564167976
778,1,38,6,23,0.0,0.08467224985361099
779,1,38,1,31,0.9354838709677419,0.00779645424336195
780,1,38,5,10,0.9,0.045951731503009796
781,1,38,9,14,0.7857142857142857,0.0522867850959301
782,1,38,2,11,0.7272727272727273,0.09071140736341476
783,1,38,7,6,0.8333333333333334,0.047503456473350525
784,1,38,4,1,0.0,0.9859363436698914
785,1,39,7,58,0.8620689655172413,0.007563507650047541
786,1,39,6,45,0.06666666666666667,0.03993234038352966
787,1,39,8,17,0.8823529411764706,0.03306231647729874
788,1,39,4,49,0.5510204081632653,0.02053901180624962
789,1,39,2,24,0.6666666666666666,0.036013443022966385
790,1,39,9,17,0.7647058823529411,0.048525720834732056
791,1,39,1,24,0.7916666666666666,0.0165408905595541
792,1,39,5,14,0.7857142857142857,0.030191639438271523
793,1,39,0,21,0.7142857142857143,0.046817224472761154
794,1,39,3,7,0.5714285714285714,0.17094488441944122
795,1,40,2,56,0.6785714285714286,0.0154916075989604
796,1,40,7,34,0.8823529411764706,0.012295066379010677
797,1,40,8,35,0.8285714285714286,0.01838366873562336
798,1,40,1,31,0.7741935483870968,0.018346242606639862
799,1,40,9,54,0.7777777777777778,0.012078876607120037
800,1,40,6,1,0.0,1.7027654647827148
801,1,40,0,4,0.5,0.4359285831451416
802,1,40,4,4,0.5,0.18513163924217224
803,1,40,3,3,1.0,0.10452380776405334
804,1,41,8,62,0.8064516129032258,0.010952653363347054
805,1,41,2,47,0.6382978723404256,0.020030930638313293
806,1,41,9,24,0.9166666666666666,0.015393998473882675
807,1,41,7,7,0.5714285714285714,0.09029563516378403
808,1,41,0,10,0.9,0.04083263874053955
809,1,41,4,2,1.0,0.21786105632781982
810,1,41,5,7,1.0,0.010812775231897831
811,1,41,3,11,0.6363636363636364,0.08220577239990234
812,1,41,6,3,0.0,0.5470921397209167
813,1,42,6,29,0.034482758620689655,0.0686141699552536
814,1,42,9,94,0.7659574468085106,0.006831256672739983
815,1,42,0,131,0.8473282442748091,0.004323978908360004
816,1,42,5,56,0.9285714285714286,0.00396066764369607
817,1,42,4,31,0.8064516129032258,0.021343370899558067
818,1,42,2,33,0.6060606060606061,0.032225992530584335
819,1,42,1,58,0.8448275862068966,0.0060526905581355095
820,1,42,8,3,1.0,0.07893838733434677
821,1,42,7,2,1.0,0.1290387511253357
822,1,42,3,2,1.0,0.04871474578976631
823,1,43,5,6,0.8333333333333334,0.04805982485413551
824,1,43,6,57,0.07017543859649122,0.03188067674636841
825,1,43,7,26,0.8846153846153846,0.013213111087679863
826,1,43,4,92,0.8043478260869565,0.007864526472985744
827,1,43,9,32,0.875,0.017833733931183815
828,1,43,1,33,0.9696969696969697,0.005704668816179037
829,1,43,8,5,1.0,0.07059977948665619
830,1,43,0,20,0.95,0.01121015939861536
831,1,43,3,8,0.75,0.08733504265546799
832,1,43,2,4,0.75,0.1921040564775467
833,1,44,5,37,0.9459459459459459,0.00597047945484519
834,1,44,4,63,0.8095238095238095,0.010750933550298214
835,1,44,6,75,0.17333333333333334,0.022478336468338966
836,1,44,9,123,0.8373983739837398,0.0044749705120921135
837,1,44,2,42,0.5952380952380952,0.024481454864144325
838,1,44,0,25,0.8,0.025157969444990158
839,1,44,8,4,1.0,0.09914024919271469
840,1,44,1,37,0.8918918918918919,0.009648000821471214
841,1,44,7,10,0.7,0.05184950679540634
842,1,44,3,12,0.5833333333333334,0.10509423166513443
843,1,45,1,102,0.9117647058823529,0.003339621936902404
844,1,45,2,148,0.6891891891891891,0.0061828070320189
845,1,45,4,59,0.7796610169491526,0.014374176040291786
846,1,45,0,32,0.84375,0.019109565764665604
847,1,45,3,22,0.7272727272727273,0.027312375605106354
848,1,46,2,26,0.6153846153846154,0.03735176473855972
849,1,46,4,60,0.75,0.013223079964518547
850,1,46,7,30,0.9,0.015080881305038929
851,1,46,3,56,0.8214285714285714,0.012615793384611607
852,1,46,0,16,0.9375,0.029498295858502388
853,1,46,8,52,0.8461538461538461,0.012138096615672112
854,1,46,9,41,0.8048780487804879,0.017705019563436508
855,1,46,5,5,0.8,0.09839970618486404
856,1,46,6,7,0.2857142857142857,0.21015189588069916
857,1,46,1,6,0.6666666666666666,0.16670800745487213
858,1,47,8,38,0.9473684210526315,0.010310867801308632
859,1,47,2,99,0.6767676767676768,0.00984437670558691
860,1,47,3,129,0.7364341085271318,0.0058867596089839935
861,1,47,4,23,0.7391304347826086,0.031150713562965393
862,1,47,5,13,0.6923076923076923,0.045818354934453964
863,1,47,6,4,0.0,0.48584526777267456
864,1,47,7,22,0.9545454545454546,0.011859358288347721
865,1,47,1,31,0.967741935483871,0.005298600532114506
866,1,48,2,46,0.717391304347826,0.019856557250022888
867,1,48,0,79,0.7848101265822784,0.008971796371042728
868,1,48,5,19,0.8947368421052632,0.019752629101276398
869,1,48,6,29,0.034482758620689655,0.06325317174196243
870,1,48,3,17,0.7058823529411765,0.04359855502843857
871,1,48,7,28,0.8928571428571429,0.012101145461201668
872,1,48,1,11,1.0,0.004752579610794783
873,1,48,8,99,0.8181818181818182,0.007067221682518721
874,1,48,4,20,0.7,0.03883779048919678
875,1,49,0,33,0.8484848484848485,0.018711278215050697
876,1,49,4,19,0.8421052631578947,0.03837766870856285
877,1,49,8,100,0.8,0.007593646179884672
878,1,49,1,13,0.9230769230769231,0.021386059001088142
879,1,49,3,75,0.7066666666666667,0.01171860657632351
880,1,49,7,67,0.8955223880597015,0.0061631593853235245
881,1,49,5,36,0.9166666666666666,0.010107915848493576
882,1,49,6,90,0.06666666666666667,0.020261701196432114
883,1,49,2,9,0.4444444444444444,0.1225767657160759
